location,beds1,beds2,price,area
"THE EAGLES, Jayanagar, Kuvempunagar, Mysore",2 BHK Apartment,1010 sq.ft built up area ,[6400000],"{'value': 1010, 'unit': 'sq.ft'}"
"THE EAGLES, Jayanagar, Kuvempunagar, Mysore",3 BHK Apartment,1505 sq.ft built up area ,[9200000],"{'value': 1505, 'unit': 'sq.ft'}"
"THE EAGLES, Yadavagiri, Mysore",3 BHK Apartment,1650 sq.ft built up area ,[11000000],"{'value': 1650, 'unit': 'sq.ft'}"
"THE EAGLES, Somanatha Nagar, Mysore",3 BHK Independent House,2000 sq.ft built up area ,[10500000],"{'value': 2000, 'unit': 'sq.ft'}"
"THE EAGLES, Sardar Vallabh Bhai Patel Nagara, Mysore",2 BHK Independent House,1200 sq.ft built up area ,[8800000],"{'value': 1200, 'unit': 'sq.ft'}"
"Santosh dhurvatar, Bank Employees' Colony, Bogadi, Mysore",2 BHK Apartment,1100 sq.ft built up area ,[5490000],"{'value': 1100, 'unit': 'sq.ft'}"
"Santosh dhurvatar, Bank Employees' Colony, Bogadi, Mysore",3 BHK Villa,2130 sq.ft built up area ,[11500000],"{'value': 2130, 'unit': 'sq.ft'}"
"Bonitas Harmony, Vijay Nagar 2nd Stage, Vijayanagar, Mysore",3 BHK Apartment,1430 sq.ft built up area ,[6000000],"{'value': 1430, 'unit': 'sq.ft'}"
"Nanjangud, Mysore",Century Royale,4 BHK Apartment,[77775000],"{'value': 5000, 'unit': 'sq.ft'}"
"Basavanahalli, Mysore",Sankalp Temple Trees,"2, 3 BHK Apartments","[4450000, 6150000]","{'value': 643, 'unit': 'sq.ft'}"
"Yaraganahalli, Mysore",Brigade Topaz,"2, 3 BHK Apartments","[5700000, 7455955]","{'value': 796, 'unit': 'sq.ft'}"
"Jayalakshmipuram, Mysore",Benchmark Urbana,"2, 3 BHK Apartments",[],"{'value': 1318, 'unit': 'sq.ft'}"
"Siddhartha Layout, Mysore",Paramount Siddhartha,"2, 3, 3.5 BHK Apartments","[6870000, 11440000]","{'value': 1374, 'unit': 'sq.ft'}"
"Vinayakanagara, Mysore",Pramur Estonia,"2, 3 BHK Apartments",[],"{'value': 1291, 'unit': 'sq.ft'}"
"Sharadadevi Nagar, Mysore",Tapovan Solace,"1, 2, 3 BHK Apartments",[],"{'value': 886, 'unit': 'sq.ft'}"
"BEML Nagar, Mysore",Eminence Park,"2, 3 BHK Apartments","[4568400, 6486000]","{'value': 972, 'unit': 'sq.ft'}"
"Ramachandra Agrahara, Mysore",Brigade Mountain View,"3, 4 BHK Apartments","[9700000, 17902652]","{'value': 1620, 'unit': 'sq.ft'}"
"Deepanagar, Gaddige Road, Mysore",Pearl at Brigade Palmgrove,3 BHK Apartment,[15800000],"{'value': 2880, 'unit': 'sq.ft'}"
"Ilavala Hobli, Mysore",Spoorthy,"2, 3 BHK Apartments","[3099790, 4403440]","{'value': 1070, 'unit': 'sq.ft'}"
"Ilavala Hobli, Mysore",M K Sunpure Homes,3 BHK Villa,[],"{'value': 1797, 'unit': 'sq.ft'}"
"Deepanagar, Mysore",Landmark,"2, 3 BHK Apartments","[5537196, 7252623]","{'value': 1204, 'unit': 'sq.ft'}"
"Somanatha Nagar, Mysore",Foundations Dhiya,"2, 3 BHK Apartments",[],"{'value': 1018, 'unit': 'sq.ft'}"
"Rahmania Mohalla, Mysore",Pramur Aster,"2, 3, 4 BHK Apartments",[],"{'value': 1586, 'unit': 'sq.ft'}"
"Bogadi 2nd Stage North, Bogadi Road, Mysore",Aakar Acropolis Block C,"2, 2.5, 3 BHK Apartments",[],"{'value': 925, 'unit': 'sq.ft'}"
"Chamundipuram, Mysore",Vastava Guru Prasanna,2 BHK Apartment,[],"{'value': 1000, 'unit': 'sq.ft'}"
"Yadavagiri, Mysore",M K Meraki,3 BHK Apartment,[],"{'value': 1509, 'unit': 'sq.ft'}"
"Vijayanagar, Mysore",M K Blessed Apartment,"2, 3 BHK Apartments",[],"{'value': 932, 'unit': 'sq.ft'}"
"Bogadi, Bogadi Road, Mysore",Samuday Palacia I Greens,"2, 3 BHK Apartments",[],"{'value': 1585, 'unit': 'sq.ft'}"
"Ilavala Hobli, Mysore",Bonitas Harmony,"2, 3 BHK Apartments",[],"{'value': 1004, 'unit': 'sq.ft'}"
"Deepanagar, Gaddige Road, Mysore",Trendz Whispering Woods,"1, 2, 3 BHK Apartments",[],"{'value': 691, 'unit': 'sq.ft'}"
"Jayalakshmipuram, Mysore",2 BHK Apartment,1176 sq.ft built up area ,[6000000],"{'value': 1176, 'unit': 'sq.ft'}"
"Gangothri Layout, Mysore",5 BHK Villa,5700 sq.ft built up area ,[40000000],"{'value': 5700, 'unit': 'sq.ft'}"
"Hebbadi, Mysore",Odin Countryside Boulevard,"3, 4 BHK Villas","[6125000, 10500035]","{'value': 1750, 'unit': 'sq.ft'}"
"JSS Layout, Mysore",4 BHK Independent House,1200 sq.ft built up area ,[12000000],"{'value': 1200, 'unit': 'sq.ft'}"
"Bogadi, Mysore",Aakar Acropolis,"2, 2.5, 3 BHK Apartments","[4514610, 5862240]","{'value': 915, 'unit': 'sq.ft'}"
"Metagalli, Mysore",Gayatri Vaishnaoi Eternis,"2, 3 BHK Apartments","[3633500, 6235000]","{'value': 845, 'unit': 'sq.ft'}"
"Dakshinashi, Vontikoppal, Mysore",2 BHK Apartment,1200 sq.ft built up area ,[6000000],"{'value': 1200, 'unit': 'sq.ft'}"
"Kuppedada, Mysore",MMG Grand City,"Residential Plot, 2, 3s","[1249800, 6799500]","{'value': 600, 'unit': 'sq.ft'}"
"Sardar Vallabh Bhai Patel Nagara, Mysore",2 BHK Independent House,1200 sq.ft built up area ,[7000000],"{'value': 1200, 'unit': 'sq.ft'}"
"Ramakrishnanagar, Mysore",5 BHK Villa,1200 sq.ft built up area ,[18000000],"{'value': 1200, 'unit': 'sq.ft'}"
"Elivala, Mysore",4 BHK Independent House,1850 sq.ft built up area ,[14000000],"{'value': 1850, 'unit': 'sq.ft'}"
"Adith Apartments, Saraswathipuram, Mysore",2 BHK Apartment,1000 sq.ft built up area ,[6200000],"{'value': 1000, 'unit': 'sq.ft'}"
"Somanatha Nagar, Mysore",3 BHK Independent House,2300 sq.ft built up area ,[11000000],"{'value': 2300, 'unit': 'sq.ft'}"
"Zuari Garden City, Hebbal Industrial Estate, Hebbal, Mysore",2 BHK Apartment,1225 sq.ft built up area ,[5000000],"{'value': 1225, 'unit': 'sq.ft'}"
"VRR Spoorthi, Ilavala Hobli, Mysore",2 BHK Apartment,1125 sq.ft built up area ,[5200000],"{'value': 1125, 'unit': 'sq.ft'}"
"Gokulam, Mysore",Oxygen Build Hasiru,"2, 3 BHK Apartments",[],"{'value': 1220, 'unit': 'sq.ft'}"
"Hanchya, Mysore",2 BHK Independent House,870 sq.ft built up area ,[4000000],"{'value': 870, 'unit': 'sq.ft'}"
"VRR Spoorthi, Ilavala Hobli, Mysore",2 BHK Apartment,1125 sq.ft built up area ,[5200000],"{'value': 1125, 'unit': 'sq.ft'}"
"Bank Employees' Colony, Bogadi, Mysore",4 BHK Independent House,1100 sq.ft built up area ,[16500000],"{'value': 1100, 'unit': 'sq.ft'}"
"Hinkal, Mysore",MEHEK INFRA Sparsh,"3, 4.5 BHK Villas",[],"{'value': 1950, 'unit': 'sq.ft'}"
"Vidayaranya Puram, H D Kote Road, Mysore",Sankalp Magnum,"2, 3 BHK Apartments","[3200000, 5100000]","{'value': 800, 'unit': 'sq.ft'}"
"Rajendra Nagar, Mysore",5 BHK Independent House,150 sq.ft built up area ,[18000000],"{'value': 150, 'unit': 'sq.ft'}"
"Bank Employees' Colony, Bogadi, Mysore",4 BHK Independent House,1200 sq.ft built up area ,[16500000],"{'value': 1200, 'unit': 'sq.ft'}"
"VIAANA, Vijayanagar, Mysore",2 BHK Apartment,1450 sq.ft built up area ,[7200000],"{'value': 1450, 'unit': 'sq.ft'}"
"Trendz Whispering Woods, Deepanagar, Mysore",3 BHK Apartment,1221 sq.ft built up area ,[4400000],"{'value': 1221, 'unit': 'sq.ft'}"
"Yadavagiri, Mysore",2 BHK Apartment,1015 sq.ft built up area ,[4000000],"{'value': 1015, 'unit': 'sq.ft'}"
"mother land kalki, Dattagalli Third Stage, Mysore",3 BHK Villa,1600 sq.ft built up area ,[9000000],"{'value': 1600, 'unit': 'sq.ft'}"
"RAJALAKSHMI , Vani Vilas Mohalla, Mysore",2 BHK Apartment,1165 sq.ft built up area ,[7500000],"{'value': 1165, 'unit': 'sq.ft'}"
"RAJALAKSHMI, Vani Vilas Mohalla, Mysore",2 BHK Apartment,1165 sq.ft built up area ,[7500000],"{'value': 1165, 'unit': 'sq.ft'}"
"2nd Stage, Sriramapura, Mysore",2 BHK Independent House,600 sq.ft built up area ,[6000000],"{'value': 600, 'unit': 'sq.ft'}"
"Hinkal, Mysore",Smart Spaces 2,"1, 2 BHK Apartments",[],"{'value': 415, 'unit': 'sq.ft'}"
"Dattagalli Third Stage, Mysore",G9 Nairuthya,"2, 3 BHK Villas",[],"{'value': 1399, 'unit': 'sq.ft'}"
"Deepanagar, Gaddige Road, Mysore",Motherland Kateel,"3, 3.5 BHK Villas",[],"{'value': 1200, 'unit': 'sq.ft'}"
"Somanatha Nagar, Mysore",Motherland Kalki,"2, 2.5, 3.5 BHK Villas",[],"{'value': 865, 'unit': 'sq.ft'}"
"Bannimantap, Mysore",Damden City Square,2 BHK Apartment,[],"{'value': 1170, 'unit': 'sq.ft'}"
"Avverahalli, Mysore",MMG VB City,"2, 3 BHK Villas",[],"{'value': 582, 'unit': 'sq.ft'}"
"Madagalli, Mysore",Motherland Crown Enclave,"2, 3 BHK Villas","[5899200, 7001280]","{'value': 1200, 'unit': 'sq.ft'}"
"Yadavagiri, Mysore",Sankalp Central Park,"2, 3 BHK Apartments","[7800000, 10814400]","{'value': 1288, 'unit': 'sq.ft'}"
"Hulikere, Mysore",Adventz Brindavan Serenity,2 BHK Apartment,"[3349200, 3629181]","{'value': 750, 'unit': 'sq.ft'}"
"Nanjangud, Mysore",2 BHK Independent House,1200 sq.ft built up area ,[6000000],"{'value': 1200, 'unit': 'sq.ft'}"
"Abhyodaya , Somanatha Nagar, Mysore",2 BHK Apartment,1349 sq.ft built up area ,[5000000],"{'value': 1349, 'unit': 'sq.ft'}"
"Vijay Nagar 2nd Stage, Vijayanagar, Mysore",2 BHK Independent House,3200 sq.ft built up area ,[17500000],"{'value': 3200, 'unit': 'sq.ft'}"
"Deepanagar, Gaddige Road, Mysore",Brigade Palmgrove Villas,"4, 4.5 BHK Villas","[35900000, 37401793]","{'value': 5230, 'unit': 'sq.ft'}"
"JSS Layout, Mysore",4 BHK Independent House,2800 sq.ft built up area ,[12000000],"{'value': 2800, 'unit': 'sq.ft'}"
"Sowparnika Blue Bells, Vijay Nagar 3rd Stage, Vijayanagar, Mysore",2 BHK Apartment,1056 sq.ft built up area ,[5800000],"{'value': 1056, 'unit': 'sq.ft'}"
"Ramakrishnanagar, Mysore",5 BHK Villa,1200 sq.ft built up area ,[18500000],"{'value': 1200, 'unit': 'sq.ft'}"
"Gagan Clear Waters, Bank Employees' Colony, Bogadi, Mysore",2 BHK Apartment,989 sq.ft built up area ,[6250000],"{'value': 989, 'unit': 'sq.ft'}"
"Sri dhara appatment, Vidayaranya Puram, Mysore",1 RK Apartment,832 sq.ft built up area ,[3800000],"{'value': 832, 'unit': 'sq.ft'}"
"Huyilalu, Mysore",3 BHK Independent House,4500 sq.ft built up area ,[18200000],"{'value': 4500, 'unit': 'sq.ft'}"
"Mandakalli, Mysore",3 BHK Villa,2400 sq.ft built up area ,[13000000],"{'value': 2400, 'unit': 'sq.ft'}"
"Metagalli, Mysore",Brigade Symphony,"2, 3, 4 BHK Apartments","[7600000, 18434483]","{'value': 1400, 'unit': 'sq.ft'}"
"Tapovan Saraswathi, Vidayaranya Puram, Mysore",2 BHK Apartment,1280 sq.ft built up area ,[5600000],"{'value': 1280, 'unit': 'sq.ft'}"
"Vidayaranya Puram, H D Kote Road, Mysore",Mittal Pride,"2, 3 BHK Apartments","[3723000, 5355000]","{'value': 1095, 'unit': 'sq.ft'}"
"Mahesh G Govianu Gurikar Luxuria, Ittige Gudu, Mysore",3 BHK Apartment,1800 sq.ft built up area ,[11700000],"{'value': 1800, 'unit': 'sq.ft'}"
"Yaraganahalli, Mysore",4 BHK Independent House,1200 sq.ft built up area ,[11000000],"{'value': 1200, 'unit': 'sq.ft'}"
"Lakshmikanth Nagar, Hebbal 1st Stage, Mysore",3 BHK Apartment,1282 sq.ft built up area ,[7200000],"{'value': 1282, 'unit': 'sq.ft'}"
"Brigade Sparkle, Vidayaranya Puram, Mysore",2 BHK Apartment,920 sq.ft built up area ,[4700000],"{'value': 920, 'unit': 'sq.ft'}"
"Kesare, Mysore",4 BHK Independent House,1728 sq.ft built up area ,[35000000],"{'value': 1728, 'unit': 'sq.ft'}"
"Mandi Mohalla, Mysore",1 BHK Independent House,300 sq.ft built up area ,[7500000],"{'value': 300, 'unit': 'sq.ft'}"
"Prithvi Castles, Siddhartha Layout, Mysore",2 BHK Apartment,1100 sq.ft built up area ,[5200000],"{'value': 1100, 'unit': 'sq.ft'}"
"Tapovan terraces , J P Nagar, Mysore",2 BHK Apartment,1500 sq.ft built up area ,[5500000],"{'value': 1500, 'unit': 'sq.ft'}"
"Hulikere, Mysore",Adventz Zuari Garden City,"2, 3, 4 BHK Apartments","[4042500, 7705500]","{'value': 1225, 'unit': 'sq.ft'}"
"Not Available, Kukkarahalli, Saraswathipuram, Mysore",3 BHK Apartment,3055 sq.ft built up area ,[20000000],"{'value': 3055, 'unit': 'sq.ft'}"
"Not Available, Kukkarahalli, Saraswathipuram, Mysore",3 BHK Apartment,3055 sq.ft built up area ,[20000000],"{'value': 3055, 'unit': 'sq.ft'}"
"Hulikere, Mysore",2 BHK Apartment,2060 sq.ft built up area ,[4500000],"{'value': 2060, 'unit': 'sq.ft'}"
"Not Available, Kukkarahalli, Saraswathipuram, Mysore",3 BHK Apartment,3055 sq.ft built up area ,[20000000],"{'value': 3055, 'unit': 'sq.ft'}"
"Dattagalli Third Stage, Mysore",4 BHK Independent House,3000 sq.ft built up area ,[18000000],"{'value': 3000, 'unit': 'sq.ft'}"
"Ilavala Hobli, Mysore",2 BHK Independent House,2400 sq.ft built up area ,[11500000],"{'value': 2400, 'unit': 'sq.ft'}"
"Bank Employees' Colony, Bogadi, Mysore",4 BHK Villa,2000 sq.ft built up area ,[12000000],"{'value': 2000, 'unit': 'sq.ft'}"
"Chinmayi Nilaya, Ilavala Hobli, Mysore",10 BHK Independent House,5600 sq.ft built up area ,[20000000],"{'value': 5600, 'unit': 'sq.ft'}"
"Hebbal 2nd Stage, Mysore",2 BHK Independent House,600 sq.ft built up area ,[4700000],"{'value': 600, 'unit': 'sq.ft'}"
"RAJARAJESHWARI nagar , Varuna, Mysore",6 BHK Independent House,2400 sq.ft built up area ,[22500000],"{'value': 2400, 'unit': 'sq.ft'}"
"Dattagalli Third Stage, Mysore",3 BHK Independent House,2200 sq.ft built up area ,[9500000],"{'value': 2200, 'unit': 'sq.ft'}"
"Ramakrishnanagar, Mysore",2 BHK Independent House,1800 sq.ft built up area ,[16000000],"{'value': 1800, 'unit': 'sq.ft'}"
"Inayat Ashiyana, Kesare, Mysore",8 BHK Apartment,3000 sq.ft built up area ,[7200000],"{'value': 3000, 'unit': 'sq.ft'}"
"Kesare, Mysore",1 RK Villa,1750 sq.ft built up area ,[7200000],"{'value': 1750, 'unit': 'sq.ft'}"
"Kalyanagiri, Mysore",3 BHK Villa,1130 sq.ft built up area ,[6000000],"{'value': 1130, 'unit': 'sq.ft'}"
"Lakshmikanth Nagar, Hebbal 1st Stage, Mysore",2 BHK Independent House,832 sq.ft built up area ,[4500000],"{'value': 832, 'unit': 'sq.ft'}"
"Foundations Silver Springs, Ilavala Hobli, Mysore",2 BHK Apartment,1300 sq.ft built up area ,[5000000],"{'value': 1300, 'unit': 'sq.ft'}"
"Ramakrishnanagar, Mysore",4 BHK Independent House,1200 sq.ft built up area ,[17500000],"{'value': 1200, 'unit': 'sq.ft'}"
"Ramakrishnanagar, Mysore",4 BHK Villa,1200 sq.ft built up area ,[17500000],"{'value': 1200, 'unit': 'sq.ft'}"
"Palatine Elite , Yadavagiri, Mysore",3 BHK Apartment,1950 sq.ft built up area ,[11800000],"{'value': 1950, 'unit': 'sq.ft'}"
"Udayagiri, Mysore",3 BHK Independent House,1850 sq.ft built up area ,[14000000],"{'value': 1850, 'unit': 'sq.ft'}"
"Rajiv Nagar, Mysore",2 BHK Independent House,1400 sq.ft built up area ,[5600000],"{'value': 1400, 'unit': 'sq.ft'}"
"jp nagar, J P Nagar, Mysore",2 BHK Independent House,600 sq.ft built up area ,[7000000],"{'value': 600, 'unit': 'sq.ft'}"
"Ilavala Hobli, Mysore",4 BHK Independent House,4000 sq.ft built up area ,[20000000],"{'value': 4000, 'unit': 'sq.ft'}"
"Hegde Silver Spring, Mallahalli, Mysore",3 BHK Villa,2300 sq.ft built up area ,[10000000],"{'value': 2300, 'unit': 'sq.ft'}"
"J P Nagar, Mysore",2 BHK Independent House,600 sq.ft built up area ,[7000000],"{'value': 600, 'unit': 'sq.ft'}"
"Brigade Palmgrove Villas, Deepanagar, Mysore",4 BHK Villa,5130 sq.ft built up area ,[33400000],"{'value': 5130, 'unit': 'sq.ft'}"
"Nanjangud, Mysore",2 BHK Independent House,900 sq.ft built up area ,[5000000],"{'value': 900, 'unit': 'sq.ft'}"
"Prakruti Sigma, Vijay Nagar 3rd Stage, Vijayanagar, Mysore",2 BHK Apartment,1160 sq.ft built up area ,[6500000],"{'value': 1160, 'unit': 'sq.ft'}"
"Ilavala Hobli, Mysore",2 BHK Apartment,1300 sq.ft built up area ,[6000000],"{'value': 1300, 'unit': 'sq.ft'}"
"Sardar Vallabh Bhai Patel Nagara, Mysore",2 BHK Independent House,600 sq.ft built up area ,[6900000],"{'value': 600, 'unit': 'sq.ft'}"
"Yadavagiri, Mysore",2 BHK Apartment,1183 sq.ft built up area ,[6325000],"{'value': 1183, 'unit': 'sq.ft'}"
"Udayagiri, Mysore",3 BHK Independent House,2100 sq.ft built up area ,[30000000],"{'value': 2100, 'unit': 'sq.ft'}"
"Devayyana Hundi, Sriramapura, Mysore",7 BHK Villa,3400 sq.ft built up area ,[16000000],"{'value': 3400, 'unit': 'sq.ft'}"
"Hebbal Industrial Estate, Hebbal, Mysore",2 BHK Independent House,600 sq.ft built up area ,[6300000],"{'value': 600, 'unit': 'sq.ft'}"
"Vipra Nagar, Belavadi, Mysore",2 BHK Independent House,1200 sq.ft built up area ,[7500000],"{'value': 1200, 'unit': 'sq.ft'}"
"Ramakrishnanagar, Mysore",2 BHK Independent House,1200 sq.ft built up area ,[13500000],"{'value': 1200, 'unit': 'sq.ft'}"
"Jayalakshmipuram, Mysore",2 BHK Apartment,1500 sq.ft built up area ,[7500000],"{'value': 1500, 'unit': 'sq.ft'}"
"Udayagiri, Mysore",3 BHK Independent House,1100 sq.ft built up area ,[12000000],"{'value': 1100, 'unit': 'sq.ft'}"
"Somanatha Nagar, Mysore",3 BHK Independent House,2900 sq.ft built up area ,[15000000],"{'value': 2900, 'unit': 'sq.ft'}"
"Jayalakshmipuram, Mysore",2 BHK Apartment,1076 sq.ft built up area ,[6800000],"{'value': 1076, 'unit': 'sq.ft'}"
"Goianu Gurikar Luxuria, Ittige Gudu, Mysore",3 BHK Apartment,22400 sq.ft built up area ,[11700000],"{'value': 22400, 'unit': 'sq.ft'}"
"M K Sunpure Homes, Ilavala Hobli, Mysore",5 BHK Independent House,3800 sq.ft built up area ,[20000000],"{'value': 3800, 'unit': 'sq.ft'}"
"Fort Mohalla, Mysore",2 BHK Independent House,3200 sq.ft built up area ,[20000000],"{'value': 3200, 'unit': 'sq.ft'}"
"Vasu Layout, Ramakrishnanagar, Mysore",5 BHK Villa,3500 sq.ft built up area ,[32000000],"{'value': 3500, 'unit': 'sq.ft'}"
"Preeti Green Valley, Metagalli, Mysore",3 BHK Villa,1600 sq.ft built up area ,[7000000],"{'value': 1600, 'unit': 'sq.ft'}"
"Tilak Nagar, Mysore",5 BHK Independent House,2050 sq.ft built up area ,[11000000],"{'value': 2050, 'unit': 'sq.ft'}"
"Vijayanagar 1st Stage, Vijayanagar, Mysore",3 BHK Independent House,2925 sq.ft built up area ,[23000000],"{'value': 2925, 'unit': 'sq.ft'}"
"Ilavala Hobli, Mysore",2 BHK Apartment,1185 sq.ft built up area ,[4500000],"{'value': 1185, 'unit': 'sq.ft'}"
"Vijay Nagar 2nd Stage, Vijayanagar, Mysore",2 BHK Apartment,1100 sq.ft built up area ,[6200000],"{'value': 1100, 'unit': 'sq.ft'}"
"Vijayanagar 1st Stage, Vijayanagar, Mysore",2 BHK Apartment,1188 sq.ft built up area ,[7500000],"{'value': 1188, 'unit': 'sq.ft'}"
"Brigade Symphony, Metagalli, Mysore",1 BHK Apartment,790 sq.ft built up area ,[5000000],"{'value': 790, 'unit': 'sq.ft'}"
"Srinivasa Srirampura 2nd Stage, BEML Nagar, Mysore",3 BHK Independent House,1500 sq.ft built up area ,[10500000],"{'value': 1500, 'unit': 'sq.ft'}"
"Somanatha Nagar, Mysore",3 BHK Independent House,2900 sq.ft built up area ,[15999300],"{'value': 2900, 'unit': 'sq.ft'}"
"Shivarampet, Mysore",2 BHK Independent House,2000 sq.ft built up area ,[10000000],"{'value': 2000, 'unit': 'sq.ft'}"
"Zuari Garden City, Hebbal Industrial Estate, Hebbal, Mysore",2 BHK Apartment,1225 sq.ft built up area ,[5500000],"{'value': 1225, 'unit': 'sq.ft'}"
"Zuari Garden City, Hebbal Industrial Estate, Hebbal, Mysore",2 BHK Apartment,750 sq.ft built up area ,[3200000],"{'value': 750, 'unit': 'sq.ft'}"
", Mysore",3 BHK Independent House,2450 sq.ft built up area ,[18000000],"{'value': 2450, 'unit': 'sq.ft'}"
"Kesare, Mysore",2 BHK Independent House,600 sq.ft built up area ,[4500000],"{'value': 600, 'unit': 'sq.ft'}"
"Vijayanagar, Mysore",Prakruti Sigma,"2, 3 BHK Apartments","[3768000, 5924000]","{'value': 942, 'unit': 'sq.ft'}"
"Premier Richwood, Jayalakshmipuram, Mysore",1 RK Apartment,720 sq.ft built up area ,[4500000],"{'value': 720, 'unit': 'sq.ft'}"
"Vidayaranya Puram, Mysore",2 BHK Apartment,855 sq.ft built up area ,[4600000],"{'value': 855, 'unit': 'sq.ft'}"
"Silicon ValleVally, Ilavala Hobli, Mysore",4 BHK Villa,3000 sq.ft built up area ,[9600000],"{'value': 3000, 'unit': 'sq.ft'}"
"shree shreesha hill view, Chamundi Hill, Mysore",2 BHK Independent House,1200 sq.ft built up area ,[5000000],"{'value': 1200, 'unit': 'sq.ft'}"
"BEML Nagar, Mysore",3 BHK Villa,1568 sq.ft built up area ,[12000000],"{'value': 1568, 'unit': 'sq.ft'}"
"Bannimantap, Mysore",5 BHK Independent House,40000 sq.ft built up area ,[108000000],"{'value': 40000, 'unit': 'sq.ft'}"
"Rajiv Nagar, Mysore",4 BHK Independent House,1500 sq.ft built up area ,[8500000],"{'value': 1500, 'unit': 'sq.ft'}"
"CFTRI Campus, Yadavagiri, Mysore",2 BHK Apartment,1210 sq.ft built up area ,[6000000],"{'value': 1210, 'unit': 'sq.ft'}"
"Harohalli, Mysore",2 BHK Villa,800 sq.ft built up area ,[2690000],"{'value': 800, 'unit': 'sq.ft'}"
"KC Layout, Mysore",4 BHK Independent House,5600 sq.ft built up area ,[28000000],"{'value': 5600, 'unit': 'sq.ft'}"
"BEML Nagar, Mysore",3 BHK Independent House,2000 sq.ft built up area ,[10000000],"{'value': 2000, 'unit': 'sq.ft'}"
"Huyilalu, Mysore",Embee CNM Emerald City,"2, 3 BHK Villas","[4500000, 8900000]","{'value': 950, 'unit': 'sq.ft'}"
"Chamrajpura, Mysore",5 BHK Independent House,2000 sq.ft built up area ,[7500000],"{'value': 2000, 'unit': 'sq.ft'}"
"Rajarajeshwari Nagar, Mysore",2 BHK Independent House,1200 sq.ft built up area ,[8100000],"{'value': 1200, 'unit': 'sq.ft'}"
"Belvadi, Mysore",3 BHK Independent House,1500 sq.ft built up area ,[8500000],"{'value': 1500, 'unit': 'sq.ft'}"
"Chamrajpura, Mysore",5 BHK Independent House,1500 sq.ft built up area ,[7500000],"{'value': 1500, 'unit': 'sq.ft'}"
"Madhuvana Layout, 2nd Stage, Sriramapura, Mysore",4 BHK Independent House,7500 sq.ft built up area ,[12000000],"{'value': 7500, 'unit': 'sq.ft'}"
"Lakshmipuram, Mysore",Shubham Sapphire,2 BHK Apartment,[6000000],"{'value': 1300, 'unit': 'sq.ft'}"
"BEML Nagar, Mysore",3 BHK Independent House,2400 sq.ft built up area ,[13500000],"{'value': 2400, 'unit': 'sq.ft'}"
"Dattagalli Third Stage, Mysore",3 BHK Independent House,2300 sq.ft built up area ,[11000000],"{'value': 2300, 'unit': 'sq.ft'}"
"Hebbal Industrial Estate, Hebbal, Mysore",2 BHK Independent House,920 sq.ft built up area ,[6500001],"{'value': 920, 'unit': 'sq.ft'}"
"Hebbal Industrial Estate, Hebbal, Mysore",2 BHK Independent House,920 sq.ft built up area ,[6500000],"{'value': 920, 'unit': 'sq.ft'}"
"Rajendra Nagar, Mysore",3 BHK Independent House,600 sq.ft built up area ,[4500000],"{'value': 600, 'unit': 'sq.ft'}"
"ZED Wildgrass, Vijayanagar 1st Stage, Vijayanagar, Mysore",2 BHK Independent House,1800 sq.ft built up area ,[15500000],"{'value': 1800, 'unit': 'sq.ft'}"
"Malgudi Apartment, Lakshmipuram, Mysore",2 BHK Apartment,1411 sq.ft built up area ,[7500000],"{'value': 1411, 'unit': 'sq.ft'}"
"Hebbal 1st Stage, Mysore",2 BHK Independent House,599 sq.ft built up area ,[4650000],"{'value': 599, 'unit': 'sq.ft'}"
"Lakshmikanthnagar, Lakshmikanth Nagar, Hebbal 1st Stage, Mysore",2 BHK Independent House,600 sq.ft built up area ,[4800000],"{'value': 600, 'unit': 'sq.ft'}"
"Sowparnika Blue Bells, Vijay Nagar 3rd Stage, Vijayanagar, Mysore",3 BHK Apartment,2150 sq.ft built up area ,[12500000],"{'value': 2150, 'unit': 'sq.ft'}"
"Lakshmikanth Nagar, Hebbal 1st Stage, Mysore",1 BHK Independent House,600 sq.ft built up area ,[4800000],"{'value': 600, 'unit': 'sq.ft'}"
"Varuna, Mysore",2 BHK Independent House,1700 sq.ft built up area ,[8800000],"{'value': 1700, 'unit': 'sq.ft'}"
"Kuvempu Nagar 1st Stage, Kuvempunagar, Mysore",2 BHK Apartment,1128 sq.ft built up area ,[6800000],"{'value': 1128, 'unit': 'sq.ft'}"
"JSS Layout, Mysore",4 RK Independent House,1200 sq.ft built up area ,[9700000],"{'value': 1200, 'unit': 'sq.ft'}"
"shakthinagar, Sakthi Nagar, Mysore",4 BHK Independent House,1200 sq.ft built up area ,[9500000],"{'value': 1200, 'unit': 'sq.ft'}"
"Bannimantap, Mysore",3 BHK Independent House,1200 sq.ft built up area ,[10000000],"{'value': 1200, 'unit': 'sq.ft'}"
"Manuganahalli, Mysore",4 BHK Independent House,1800 sq.ft built up area ,[5500000],"{'value': 1800, 'unit': 'sq.ft'}"
"MMG Grand City, Kuppedada, Mysore",3 BHK Independent House,2400 sq.ft built up area ,[11000000],"{'value': 2400, 'unit': 'sq.ft'}"
"Kandayaagar, BEML Nagar, Mysore",3 BHK Independent House,2200 sq.ft built up area ,[12000000],"{'value': 2200, 'unit': 'sq.ft'}"
"Basavanahalli, Mysore",4 BHK Independent House,1200 sq.ft built up area ,[8499600],"{'value': 1200, 'unit': 'sq.ft'}"
"Sharadadevi Nagar, Mysore",3 BHK Independent House,2200 sq.ft built up area ,[9500000],"{'value': 2200, 'unit': 'sq.ft'}"
"Dattagalli Third Stage, Mysore",3 BHK Independent House,2400 sq.ft built up area ,[110000000],"{'value': 2400, 'unit': 'sq.ft'}"
"Damden City Square, Bannimantap, Mysore",2 BHK Apartment,950 sq.ft built up area ,[4000000],"{'value': 950, 'unit': 'sq.ft'}"
"Vijayanagar 1st Stage, Vijayanagar, Mysore",1 BHK Apartment,1300 sq.ft built up area ,[8500000],"{'value': 1300, 'unit': 'sq.ft'}"
"Ilavala Hobli, Mysore",1 BHK Independent House,700 sq.ft built up area ,[3000000],"{'value': 700, 'unit': 'sq.ft'}"
"Hebbal 2nd Stage, Mysore",3 BHK Independent House,1000 sq.ft built up area ,[4500000],"{'value': 1000, 'unit': 'sq.ft'}"
"JSS Layout, Mysore",3 BHK Independent House,3000 sq.ft built up area ,[13700000],"{'value': 3000, 'unit': 'sq.ft'}"
"Kukkarahalli, Saraswathipuram, Mysore",6 BHK Independent House,3850 sq.ft built up area ,[21000000],"{'value': 3850, 'unit': 'sq.ft'}"
"Mithila Apartments , Chamundipuram, Mysore",2 BHK Apartment,960 sq.ft built up area ,[5000000],"{'value': 960, 'unit': 'sq.ft'}"
"Lakshmi Nilaya, KC Layout, Mysore",10 BHK Independent House,7000 sq.ft built up area ,[29000000],"{'value': 7000, 'unit': 'sq.ft'}"
"Lashmi Nilaya, KC Layout, Mysore",10 BHK Independent House,7200 sq.ft built up area ,[29000000],"{'value': 7200, 'unit': 'sq.ft'}"
"Bogadi 2nd Stage, Bogadi, Mysore",2 BHK Independent House,600 sq.ft built up area ,[5500000],"{'value': 600, 'unit': 'sq.ft'}"
"pramur, Jayalakshmipuram, Mysore",3 BHK Apartment,1800 sq.ft built up area ,[12000000],"{'value': 1800, 'unit': 'sq.ft'}"
"Bogadi 2nd Stage, Bogadi, Mysore",2 BHK Independent House,600 sq.ft built up area ,[5500000],"{'value': 600, 'unit': 'sq.ft'}"
"Bogadi 2nd Stage, Bogadi, Mysore",2 BHK Independent House,600 sq.ft built up area ,[5500000],"{'value': 600, 'unit': 'sq.ft'}"
"Duplex house, Udayagiri, Mysore",3 BHK Independent House,600 sq.ft built up area ,[4900000],"{'value': 600, 'unit': 'sq.ft'}"
"Udayagiri, Mysore",3 BHK Independent House,600 sq.ft built up area ,[4800000],"{'value': 600, 'unit': 'sq.ft'}"
"Bank Employees' Colony, Bogadi, Mysore",2 BHK Villa,1225 sq.ft built up area ,[11000000],"{'value': 1225, 'unit': 'sq.ft'}"
"Own house, Sathagalli Layout, Mysore",4 BHK Villa,1200 sq.ft built up area ,[4600000],"{'value': 1200, 'unit': 'sq.ft'}"
"Lakshmipuram, Mysore",2 BHK Apartment,1300 sq.ft built up area ,[6000000],"{'value': 1300, 'unit': 'sq.ft'}"
"Sapphire, Lakshmipuram, Mysore",2 BHK Apartment,1300 sq.ft built up area ,[6000000],"{'value': 1300, 'unit': 'sq.ft'}"
"Yadavagiri, Mysore",5 BHK Independent House,6000 sq.ft built up area ,[75000000],"{'value': 6000, 'unit': 'sq.ft'}"
"Temple Bells, Lingambudhi Lake, Ramakrishnanagar, Mysore",4 BHK Independent House,1200 sq.ft built up area ,[10999200],"{'value': 1200, 'unit': 'sq.ft'}"
"Mandi Mohalla, Mysore",3 BHK Independent House,1344 sq.ft built up area ,[6800000],"{'value': 1344, 'unit': 'sq.ft'}"
"Muda approved, Bank Employees' Colony, Bogadi, Mysore",4 BHK Independent House,2500 sq.ft built up area ,[9800000],"{'value': 2500, 'unit': 'sq.ft'}"
"G N Rajesh Sri Bommegowdru Layout, Hunsur, Mysore",3 BHK Independent House,880 sq.ft built up area ,[6000000],"{'value': 880, 'unit': 'sq.ft'}"
"Somanatha Nagar, Mysore",3 BHK Villa,1800 sq.ft built up area ,[10500000],"{'value': 1800, 'unit': 'sq.ft'}"
"Elivala, Mysore",2 BHK Independent House,500 sq.ft built up area ,[2200000],"{'value': 500, 'unit': 'sq.ft'}"
"Marase, Mysore",3 BHK Independent House,819 sq.ft built up area ,[6500000],"{'value': 819, 'unit': 'sq.ft'}"
"Gejjagalli, Mysore",3 BHK Independent House,2400 sq.ft built up area ,[8800000],"{'value': 2400, 'unit': 'sq.ft'}"
"Jayalakshmipuram, Mysore",2 BHK Apartment,1550 sq.ft built up area ,[10700000],"{'value': 1550, 'unit': 'sq.ft'}"
"Allanahalli Layout, Alanahalli Village, Mysore",6 BHK Independent House,600 sq.ft built up area ,[7500000],"{'value': 600, 'unit': 'sq.ft'}"
"Basavanahalli, Mysore",2 BHK Independent House,1200 sq.ft built up area ,[8499600],"{'value': 1200, 'unit': 'sq.ft'}"
"Hebbal 1stage, Hebbal Industrial Estate, Hebbal, Mysore",4 BHK Independent House,2600 sq.ft built up area ,[13000000],"{'value': 2600, 'unit': 'sq.ft'}"
"New house for sale , Kuvempunagar, Mysore",4 BHK Independent House,1350 sq.ft built up area ,[16500000],"{'value': 1350, 'unit': 'sq.ft'}"
"New house for sale, Block C, J P Nagar, Mysore",2 BHK Independent House,1200 sq.ft built up area ,[12500000],"{'value': 1200, 'unit': 'sq.ft'}"
"Prithvi Castles, Siddhartha Layout, Mysore",2 BHK Apartment,1100 sq.ft built up area ,[5200000],"{'value': 1100, 'unit': 'sq.ft'}"
"Block A, J P Nagar, Mysore",2 BHK Independent House,1200 sq.ft built up area ,[8500000],"{'value': 1200, 'unit': 'sq.ft'}"
"Kesare, Mysore",3 BHK Villa,3300 sq.ft built up area ,[25000000],"{'value': 3300, 'unit': 'sq.ft'}"
"Vijay Nagar 2nd Stage, Vijayanagar, Mysore",5 BHK Villa,6500 sq.ft built up area ,[40000000],"{'value': 6500, 'unit': 'sq.ft'}"
"Hebbal 1st Stage, Mysore",3 BHK Independent House,1000 sq.ft built up area ,[11000000],"{'value': 1000, 'unit': 'sq.ft'}"
"Somanatha Nagar, Mysore",3 BHK Independent House,2900 sq.ft built up area ,[15000000],"{'value': 2900, 'unit': 'sq.ft'}"
"Mysore city centre near to palace, Fort Mohalla, Mysore",3 BHK Independent House,440 sq.ft built up area ,[4000000],"{'value': 440, 'unit': 'sq.ft'}"
"GSS Abhyodaya, Somanatha Nagar, Mysore",2 BHK Apartment,1349 sq.ft built up area ,[5000000],"{'value': 1349, 'unit': 'sq.ft'}"
"Basavanahalli, Mysore",4 BHK Independent House,1200 sq.ft built up area ,[11500000],"{'value': 1200, 'unit': 'sq.ft'}"
"Somanatha Nagar, Mysore",2 BHK Independent House,1000 sq.ft built up area ,[6500000],"{'value': 1000, 'unit': 'sq.ft'}"
"Somanatha Nagar, Mysore",3 BHK Independent House,2900 sq.ft built up area ,[16000000],"{'value': 2900, 'unit': 'sq.ft'}"
"Somanatha Nagar, Mysore",3 BHK Independent House,2900 sq.ft built up area ,[16000000],"{'value': 2900, 'unit': 'sq.ft'}"
"Somanatha Nagar, Mysore",3 BHK Independent House,2900 sq.ft built up area ,[16000000],"{'value': 2900, 'unit': 'sq.ft'}"
"Sardar Vallabh Bhai Patel Nagara, Mysore",2 BHK Independent House,1200 sq.ft built up area ,[6200000],"{'value': 1200, 'unit': 'sq.ft'}"
"Gayathripuram, Mysore",2 BHK Independent House,3572 sq.ft built up area ,[18000000],"{'value': 3572, 'unit': 'sq.ft'}"
"Somanatha Nagar, Mysore",3 BHK Villa,2200 sq.ft built up area ,[7500000],"{'value': 2200, 'unit': 'sq.ft'}"
"Allanahalli Layout, Alanahalli Village, Mysore",2 BHK Independent House,750 sq.ft built up area ,[5500000],"{'value': 750, 'unit': 'sq.ft'}"
"Gayathripuram, Mysore",3 BHK Independent House,2400 sq.ft built up area ,[11500000],"{'value': 2400, 'unit': 'sq.ft'}"
"Eminence park, 2nd Stage, Sriramapura, Mysore",3 BHK Apartment,1354 sq.ft built up area ,[6600000],"{'value': 1354, 'unit': 'sq.ft'}"
"Srinivasa Srirampura 2nd Stage, BEML Nagar, Mysore",3 BHK Independent House,1500 sq.ft built up area ,[10500000],"{'value': 1500, 'unit': 'sq.ft'}"
"Adventz Zuari Garden City Villa, Chamarajapuram Mohalla, Lakshmipuram, Mysore",2 BHK Apartment,1225 sq.ft built up area ,[5400000],"{'value': 1225, 'unit': 'sq.ft'}"
"BEML Nagar, Mysore",2 BHK Apartment,1098 sq.ft built up area ,[5420000],"{'value': 1098, 'unit': 'sq.ft'}"
"Vijay Nagar 3rd Stage, Vijayanagar, Mysore",1 BHK Independent House,700 sq.ft built up area ,[6800000],"{'value': 700, 'unit': 'sq.ft'}"
"KBL Silicon Valley, Avverahalli, Mysore",4 BHK Villa,3000 sq.ft built up area ,[9500000],"{'value': 3000, 'unit': 'sq.ft'}"
"Trendz Whispering Woods, Deepanagar, Mysore",3 BHK Apartment,1400 sq.ft built up area ,[6500000],"{'value': 1400, 'unit': 'sq.ft'}"
"Foundations Prime And Pride, Vidayaranya Puram, Mysore",3 BHK Apartment,2000 sq.ft built up area ,[8500000],"{'value': 2000, 'unit': 'sq.ft'}"
"Bogadi 2nd Stage, Bogadi, Mysore",8 BHK Independent House,5700 sq.ft built up area ,[25000000],"{'value': 5700, 'unit': 'sq.ft'}"
"ASHWINI ENCLAVE, Jettihundi, Mysore",3 BHK Independent House,1600 sq.ft built up area ,[5600000],"{'value': 1600, 'unit': 'sq.ft'}"
"Aravinda Nagar, Vivekananda Nagar, Mysore",2 BHK Independent House,1200 sq.ft built up area ,[11000000],"{'value': 1200, 'unit': 'sq.ft'}"
"Independent House for Sale, Allanahalli Layout, Alanahalli Village, Mysore",1 BHK Independent House,600 sq.ft built up area ,[4000000],"{'value': 600, 'unit': 'sq.ft'}"
"Priyahu Nilaya, Vijayanagar, Mysore",2 BHK Independent House,600 sq.ft built up area ,[5200000],"{'value': 600, 'unit': 'sq.ft'}"
"Ilavala Hobli, Mysore",4 BHK Villa,3000 sq.ft built up area ,[9600000],"{'value': 3000, 'unit': 'sq.ft'}"
"Dattagalli Third Stage, Mysore",3 BHK Independent House,1100 sq.ft built up area ,[6700000],"{'value': 1100, 'unit': 'sq.ft'}"
"SHESHA HILL VIEW, Chamundi Hill, Mysore",2 BHK Independent House,1200 sq.ft built up area ,[4500000],"{'value': 1200, 'unit': 'sq.ft'}"
"Gokulam 3rd Stage, Gokulam, Mysore",10 BHK Independent House,5000 sq.ft built up area ,[27000000],"{'value': 5000, 'unit': 'sq.ft'}"
"Metagalli, Mysore",4 BHK Independent House,1200 sq.ft built up area ,[8150000],"{'value': 1200, 'unit': 'sq.ft'}"
"Foundations Silver Springs, Ilavala Hobli, Mysore",2 BHK Apartment,1166 sq.ft built up area ,[6300000],"{'value': 1166, 'unit': 'sq.ft'}"
"Aravinda Nagar, Vivekananda Nagar, Mysore",3 BHK Independent House,2000 sq.ft built up area ,[12000000],"{'value': 2000, 'unit': 'sq.ft'}"
"Kesare, Mysore",2 BHK Independent House,1500 sq.ft built up area ,[9000000],"{'value': 1500, 'unit': 'sq.ft'}"
"Ramakrishnanagar, Mysore",4 BHK Independent House,2600 sq.ft built up area ,[18500000],"{'value': 2600, 'unit': 'sq.ft'}"
"Vontikoppal, Mysore",3 BHK Apartment,2100 sq.ft built up area ,[15000000],"{'value': 2100, 'unit': 'sq.ft'}"
"zuari garden city, Hebbal Industrial Estate, Hebbal, Mysore",2 BHK Apartment,750 sq.ft built up area ,[3100000],"{'value': 750, 'unit': 'sq.ft'}"
"Dattagalli Third Stage, Mysore",3 BHK Independent House,2600 sq.ft built up area ,[15000000],"{'value': 2600, 'unit': 'sq.ft'}"
"Dattagalli Third Stage, Mysore",3 BHK Independent House,1100 sq.ft built up area ,[6700000],"{'value': 1100, 'unit': 'sq.ft'}"
"Gokulam 3rd Stage, Gokulam, Mysore",3 BHK Independent House,2000 sq.ft built up area ,[20000000],"{'value': 2000, 'unit': 'sq.ft'}"
"Potomac hills apartments, Vontikoppal, Mysore",3 BHK Apartment,2100 sq.ft built up area ,[15000000],"{'value': 2100, 'unit': 'sq.ft'}"
"Allanahalli Layout, Alanahalli Village, Mysore",3 BHK Independent House,1400 sq.ft built up area ,[8000000],"{'value': 1400, 'unit': 'sq.ft'}"
"Rajiv Nagar, Mysore",4 BHK Independent House,2400 sq.ft built up area ,[15000000],"{'value': 2400, 'unit': 'sq.ft'}"
"Ramakrishnanagar, Mysore",3 BHK Independent House,2000 sq.ft built up area ,[15500000],"{'value': 2000, 'unit': 'sq.ft'}"
"Vijay Nagar 3rd Stage, Vijayanagar, Mysore",3 BHK Independent House,2000 sq.ft built up area ,[12000000],"{'value': 2000, 'unit': 'sq.ft'}"
"2nd Stage, Sriramapura, Mysore",2 BHK Independent House,1200 sq.ft built up area ,[6500000],"{'value': 1200, 'unit': 'sq.ft'}"
"Devayyana Hundi, Sriramapura, Mysore",4 BHK Independent House,8167 sq.ft built up area ,[16300000],"{'value': 8167, 'unit': 'sq.ft'}"
"Hinkal, Mysore",2 BHK Independent House,600 sq.ft built up area ,[4600000],"{'value': 600, 'unit': 'sq.ft'}"
"Metagalli, Mysore",5 BHK Independent House,3200 sq.ft built up area ,[10000000],"{'value': 3200, 'unit': 'sq.ft'}"
"Vijayanagar, Mysore",4 BHK Independent House,2200 sq.ft built up area ,[10000000],"{'value': 2200, 'unit': 'sq.ft'}"
"Vijayanagar, Mysore",2 BHK Independent House,1200 sq.ft built up area ,[6400000],"{'value': 1200, 'unit': 'sq.ft'}"
"Vijayanagar 1st Stage, Vijayanagar, Mysore",3 BHK Independent House,1300 sq.ft built up area ,[15500000],"{'value': 1300, 'unit': 'sq.ft'}"
"Zuari Garden City, Hulikere, Mysore",2 BHK Apartment,1240 sq.ft built up area ,[4300000],"{'value': 1240, 'unit': 'sq.ft'}"
"Vijay Nagar 3rd Stage, Vijayanagar, Mysore",3 BHK Independent House,2000 sq.ft built up area ,[12000000],"{'value': 2000, 'unit': 'sq.ft'}"
"B M Shree Nagar, BM Shree Nagar, Mysore",2 BHK Independent House,2320 sq.ft built up area ,[8500000],"{'value': 2320, 'unit': 'sq.ft'}"
"CFTRI Campus, Yadavagiri, Mysore",2 BHK Independent House,1134 sq.ft built up area ,[15000000],"{'value': 1134, 'unit': 'sq.ft'}"
"Lakshmi devi nnilnnilayanilaya , Vani Vilas Mohalla, Mysore",7 BHK Independent House,600 sq.ft built up area ,[1300000],"{'value': 600, 'unit': 'sq.ft'}"
" Nice vistas Integrated Township, Sathgalli, Mysore",4 BHK Independent House,600 sq.ft built up area ,[7000000],"{'value': 600, 'unit': 'sq.ft'}"
"Old house, Chamrajpura, Mysore",2 BHK Independent House,819 sq.ft built up area ,[8000000],"{'value': 819, 'unit': 'sq.ft'}"
"Bank Employees' Colony, Bogadi, Mysore",3 BHK Independent House,40000 sq.ft built up area ,[25000000],"{'value': 40000, 'unit': 'sq.ft'}"
"Bogadi 2nd Stage, Bogadi, Mysore",3 BHK Independent House,40000 sq.ft built up area ,[25000000],"{'value': 40000, 'unit': 'sq.ft'}"
"Brigade Sparkle, Vidayaranya Puram, Mysore",2 BHK Apartment,920 sq.ft built up area ,[4500000],"{'value': 920, 'unit': 'sq.ft'}"
"Akshata, Jayanagar, Kuvempunagar, Mysore",3 BHK Apartment,1350 sq.ft built up area ,[7400000],"{'value': 1350, 'unit': 'sq.ft'}"
"2nd Stage, Sriramapura, Mysore",3 BHK Independent House,2000 sq.ft built up area ,[11500000],"{'value': 2000, 'unit': 'sq.ft'}"
"Sriramapura, Mysore",3 BHK Apartment,2400 sq.ft built up area ,[10340000],"{'value': 2400, 'unit': 'sq.ft'}"
"Rathna, Somanatha Nagar, Mysore",3 BHK Independent House,1320 sq.ft built up area ,[10100000],"{'value': 1320, 'unit': 'sq.ft'}"
"Brigade Sparkle, Vidayaranya Puram, Mysore",2 BHK Apartment,910 sq.ft built up area ,[4200000],"{'value': 910, 'unit': 'sq.ft'}"
"Rajiv Nagar, Mysore",3 BHK Independent House,2000 sq.ft built up area ,[16000000],"{'value': 2000, 'unit': 'sq.ft'}"
"bairava enclave, BEML Layout 2nd Stage, Rajarajeshwari Nagar, Mysore",2 BHK Villa,1200 sq.ft built up area ,[5000000],"{'value': 1200, 'unit': 'sq.ft'}"
"URS SUMUKHA, Jayanagar, Kuvempunagar, Mysore",3 BHK Apartment,1505 sq.ft built up area ,[9100000],"{'value': 1505, 'unit': 'sq.ft'}"
"URS Sumukha, Jayanagar, Kuvempunagar, Mysore",3 BHK Apartment,1505 sq.ft built up area ,[9100000],"{'value': 1505, 'unit': 'sq.ft'}"
"Zion Real estate, Vijay Nagar 3rd Stage, Vijayanagar, Mysore",3 BHK Apartment,2400 sq.ft built up area ,[5800000],"{'value': 2400, 'unit': 'sq.ft'}"
"Deepanagar, Mysore",3 BHK Independent House,3400 sq.ft built up area ,[35000000],"{'value': 3400, 'unit': 'sq.ft'}"
"URS Sumukha, Jayanagar, Kuvempunagar, Mysore",2 BHK Apartment,1010 sq.ft built up area ,[7000000],"{'value': 1010, 'unit': 'sq.ft'}"
"Elivala, Mysore",2 BHK Independent House,1200 sq.ft built up area ,[4000000],"{'value': 1200, 'unit': 'sq.ft'}"
"Lakshmikanth Nagar, Hebbal 1st Stage, Mysore",1 BHK Independent House,450 sq.ft built up area ,[3700000],"{'value': 450, 'unit': 'sq.ft'}"
"KHB colony, Kesare, Mysore",2 BHK Independent House,2700 sq.ft built up area ,[14500000],"{'value': 2700, 'unit': 'sq.ft'}"
"Lakshmikanth Nagar, Hebbal 1st Stage, Mysore",1 BHK Independent House,450 sq.ft built up area ,[3700000],"{'value': 450, 'unit': 'sq.ft'}"
"Lakshmikanth Nagar, Hebbal 1st Stage, Mysore",1 BHK Independent House,458 sq.ft built up area ,[3700000],"{'value': 458, 'unit': 'sq.ft'}"
"Lakshmikanth Nagar, Hebbal 1st Stage, Mysore",1 RK Independent House,450 sq.ft built up area ,[3700000],"{'value': 450, 'unit': 'sq.ft'}"
"Shanthinikethan kingsdale, Siddhartha Layout, Mysore",2 BHK Apartment,1480 sq.ft built up area ,[7500000],"{'value': 1480, 'unit': 'sq.ft'}"
"Renaissance Sugama, Vani Vilas Mohalla, Mysore",3 BHK Apartment,1463 sq.ft built up area ,[8500000],"{'value': 1463, 'unit': 'sq.ft'}"
"JSS Layout, Mysore",7 BHK Villa,5500 sq.ft built up area ,[25000000],"{'value': 5500, 'unit': 'sq.ft'}"
"JSS Layout, Mysore",6 BHK Villa,2400 sq.ft built up area ,[25000000],"{'value': 2400, 'unit': 'sq.ft'}"
"Ambari Enclave Srinagar, J P Nagar, Mysore",2 BHK Independent House,1200 sq.ft built up area ,[5000000],"{'value': 1200, 'unit': 'sq.ft'}"
"Grand City behind Infosys KRS ROAD, Elivala, Mysore",2 BHK Independent House,1200 sq.ft built up area ,[5300000],"{'value': 1200, 'unit': 'sq.ft'}"
"Rajarajeshwari Nagar, Mysore",3 BHK Independent House,1280 sq.ft built up area ,[9500000],"{'value': 1280, 'unit': 'sq.ft'}"
"Rajiv Nagar, Mysore",2 BHK Independent House,1200 sq.ft built up area ,[7000000],"{'value': 1200, 'unit': 'sq.ft'}"
"Hebbal 2nd Stage, Mysore",3 BHK Independent House,1200 sq.ft built up area ,[12000000],"{'value': 1200, 'unit': 'sq.ft'}"
"Harohalli, Mysore",2 BHK Villa,800 sq.ft built up area ,[2690000],"{'value': 800, 'unit': 'sq.ft'}"
"Saraswathipuram, Mysore",3 BHK Villa,2400 sq.ft built up area ,[22000000],"{'value': 2400, 'unit': 'sq.ft'}"
"Adventz Zuari Garden City, Hulikere, Mysore",3 BHK Villa,4000 sq.ft built up area ,[12000000],"{'value': 4000, 'unit': 'sq.ft'}"
"Prakruti Sigma, Vijay Nagar 3rd Stage, Vijayanagar, Mysore",2 BHK Apartment,962 sq.ft built up area ,[5800000],"{'value': 962, 'unit': 'sq.ft'}"
"Bonitas Harmony, Ilavala Hobli, Mysore",3 BHK Apartment,1323 sq.ft built up area ,[6000000],"{'value': 1323, 'unit': 'sq.ft'}"
"Bogadi 2nd Stage, Bogadi, Mysore",3 BHK Independent House,1200 sq.ft built up area ,[11000000],"{'value': 1200, 'unit': 'sq.ft'}"
"Srirampura Layout Project, BEML Nagar, Mysore",4 BHK Independent House,4618 sq.ft built up area ,[25000000],"{'value': 4618, 'unit': 'sq.ft'}"
"2nd Stage, Sriramapura, Mysore",3 BHK Independent House,1200 sq.ft built up area ,[5500000],"{'value': 1200, 'unit': 'sq.ft'}"
"Green City, Dattagalli Third Stage, Mysore",3 BHK Independent House,1300 sq.ft built up area ,[6550000],"{'value': 1300, 'unit': 'sq.ft'}"
"Rajiv Nagar, Mysore",5 BHK Apartment,2400 sq.ft built up area ,[22500000],"{'value': 2400, 'unit': 'sq.ft'}"
"Bonitas Harmony, Vijay Nagar 2nd Stage, Vijayanagar, Mysore",2 BHK Apartment,1145 sq.ft built up area ,[5300000],"{'value': 1145, 'unit': 'sq.ft'}"
"Rajiv Nagar, Mysore",2 BHK Independent House,600 sq.ft built up area ,[4500000],"{'value': 600, 'unit': 'sq.ft'}"
"Independent house , Ramakrishnanagar, Mysore",3 BHK Independent House,1900 sq.ft built up area ,[20000000],"{'value': 1900, 'unit': 'sq.ft'}"
"Vijayanagar, Mysore",4 BHK Independent House,1000 sq.ft built up area ,[5800000],"{'value': 1000, 'unit': 'sq.ft'}"
"Basavanahalli, Mysore",4 BHK Independent House,1000 sq.ft built up area ,[5800000],"{'value': 1000, 'unit': 'sq.ft'}"
"Vijayanagar 1st Stage, Vijayanagar, Mysore",3 BHK Independent House,2300 sq.ft built up area ,[25900000],"{'value': 2300, 'unit': 'sq.ft'}"
"Hulikere, Mysore",2 BHK Apartment,2060 sq.ft built up area ,[4500000],"{'value': 2060, 'unit': 'sq.ft'}"
"Rajendra Nagar, Mysore",3 BHK Independent House,1500 sq.ft built up area ,[9900000],"{'value': 1500, 'unit': 'sq.ft'}"
"Vijaynagar, Vijay Nagar 2nd Stage, Vijayanagar, Mysore",3 BHK Independent House,1200 sq.ft built up area ,[11000000],"{'value': 1200, 'unit': 'sq.ft'}"
"Dattagalli Third Stage, Mysore",4 BHK Independent House,1200 sq.ft built up area ,[12000000],"{'value': 1200, 'unit': 'sq.ft'}"
"Niveditha Nagar, Mysore",4 BHK Independent House,1200 sq.ft built up area ,[12000000],"{'value': 1200, 'unit': 'sq.ft'}"
"Rajiv Nagar, Mysore",2 BHK Independent House,600 sq.ft built up area ,[3300000],"{'value': 600, 'unit': 'sq.ft'}"
"Dattagalli Third Stage, Mysore",3 BHK Independent House,1200 sq.ft built up area ,[14000000],"{'value': 1200, 'unit': 'sq.ft'}"
"J P Nagar, Mysore",6 BHK Independent House,2400 sq.ft built up area ,[14000000],"{'value': 2400, 'unit': 'sq.ft'}"
"Hebbal Industrial Estate, Hebbal, Mysore",2 BHK Apartment,815 sq.ft built up area ,[3300000],"{'value': 815, 'unit': 'sq.ft'}"
"Niveditha Nagar, Mysore",3 BHK Independent House,1200 sq.ft built up area ,[12000000],"{'value': 1200, 'unit': 'sq.ft'}"
"Niveditha Nagar, Mysore",3 BHK Independent House,1200 sq.ft built up area ,[12000000],"{'value': 1200, 'unit': 'sq.ft'}"
"Chamrajpura, Mysore",2 BHK Apartment,1000 sq.ft built up area ,[4500000],"{'value': 1000, 'unit': 'sq.ft'}"
"Siddalingeshwara Layout 1st Stage, J P Nagar, Mysore",2 BHK Apartment,1400 sq.ft built up area ,[5500000],"{'value': 1400, 'unit': 'sq.ft'}"
"Duplex 3bh house for sale , Dattagalli Third Stage, Mysore",3 BHK Independent House,1800 sq.ft built up area ,[12000000],"{'value': 1800, 'unit': 'sq.ft'}"
"Duplex 3bh house for sale , Dattagalli Third Stage, Mysore",3 BHK Independent House,1800 sq.ft built up area ,[12000000],"{'value': 1800, 'unit': 'sq.ft'}"
"TK Layout, Mysore",2 BHK Independent House,1200 sq.ft built up area ,[6500000],"{'value': 1200, 'unit': 'sq.ft'}"
"Shanthiniketan kingsdale, Siddhartha Layout, Mysore",2 BHK Apartment,1285 sq.ft built up area ,[6900000],"{'value': 1285, 'unit': 'sq.ft'}"
"Vidayaranya Puram, Mysore",2 BHK Independent House,700 sq.ft built up area ,[7500000],"{'value': 700, 'unit': 'sq.ft'}"
"Bogadi 2nd Stage, Bogadi, Mysore",3 BHK Independent House,1200 sq.ft built up area ,[9500000],"{'value': 1200, 'unit': 'sq.ft'}"
"Preeti Green Valley, Chamarajapuram Mohalla, Lakshmipuram, Mysore",2 BHK Villa,1120 sq.ft built up area ,[5000000],"{'value': 1120, 'unit': 'sq.ft'}"
"Vijay Nagar 3rd Stage, Vijayanagar, Mysore",4 BHK Villa,5500 sq.ft built up area ,[38000000],"{'value': 5500, 'unit': 'sq.ft'}"
"Preeti Green Valley, Shyadanahalli, Mysore",3 BHK Villa,1600 sq.ft built up area ,[7000000],"{'value': 1600, 'unit': 'sq.ft'}"
"Niveditha Nagar, Mysore",10 BHK Independent House,5000 sq.ft built up area ,[21000000],"{'value': 5000, 'unit': 'sq.ft'}"
"Srinidhi Chandrananda Nagar, Kesare, Mysore",2 BHK Independent House,1200 sq.ft built up area ,[500000],"{'value': 1200, 'unit': 'sq.ft'}"
"University Layout, Mysore",4 BHK Independent House,900 sq.ft built up area ,[6900000],"{'value': 900, 'unit': 'sq.ft'}"
"Saraswathipuram, Mysore",2 BHK Independent House,1400 sq.ft built up area ,[16500000],"{'value': 1400, 'unit': 'sq.ft'}"
"Rammanahalli, Mysore",1 BHK Independent House,600 sq.ft built up area ,[750000],"{'value': 600, 'unit': 'sq.ft'}"
"Sathgalli, Mysore",3 BHK Independent House,1200 sq.ft built up area ,[8500000],"{'value': 1200, 'unit': 'sq.ft'}"
"Aravinda Nagar, Vivekananda Nagar, Mysore",4 BHK Independent House,2400 sq.ft built up area ,[13000000],"{'value': 2400, 'unit': 'sq.ft'}"
"Vijay multi selling and buying group , Lakshmikanth Nagar, Hebbal 1st Stage, Mysore",3 BHK Independent House,1200 sq.ft built up area ,[7000000],"{'value': 1200, 'unit': 'sq.ft'}"
"Ilavala Hobli, Mysore",2 BHK Villa,750 sq.ft built up area ,[3100000],"{'value': 750, 'unit': 'sq.ft'}"
"Allanahalli Layout, Alanahalli Village, Mysore",2 BHK Independent House,960 sq.ft built up area ,[4200000],"{'value': 960, 'unit': 'sq.ft'}"
"Kalyanagiri, Mysore",6 BHK Apartment,1056 sq.ft built up area ,[4500000],"{'value': 1056, 'unit': 'sq.ft'}"
"Ramakrishna nagar, Ramakrishnanagar, Mysore",3 BHK Independent House,1000 sq.ft built up area ,[7000000],"{'value': 1000, 'unit': 'sq.ft'}"
"Somanatha Nagar, Mysore",3 BHK Independent House,2900 sq.ft built up area ,[15000000],"{'value': 2900, 'unit': 'sq.ft'}"
"Muda property 30 by 45 West facing North door kuvempu nagar mysore city, Kuvempu Nagar 1st Stage, Kuvempunagar, Mysore",3 BHK Independent House,21000 sq.ft built up area ,[16500000],"{'value': 21000, 'unit': 'sq.ft'}"
"Lingambudhi Lake, Ramakrishnanagar, Mysore",4 BHK Independent House,1200 sq.ft built up area ,[11000000],"{'value': 1200, 'unit': 'sq.ft'}"
"Udayagiri, Mysore",3 BHK Independent House,1500 sq.ft built up area ,[15000000],"{'value': 1500, 'unit': 'sq.ft'}"
"Dattagalli Third Stage, Mysore",3 BHK Independent House,1200 sq.ft built up area ,[6200000],"{'value': 1200, 'unit': 'sq.ft'}"
"Temple Bells, Lingambudhi Lake, Ramakrishnanagar, Mysore",4 BHK Independent House,1200 sq.ft built up area ,[11499600],"{'value': 1200, 'unit': 'sq.ft'}"
"Somanatha Nagar, Mysore",3 BHK Independent House,2900 sq.ft built up area ,[15000000],"{'value': 2900, 'unit': 'sq.ft'}"
"Brigade Sparkle, Vidayaranya Puram, Mysore",2 BHK Apartment,974 sq.ft built up area ,[4400000],"{'value': 974, 'unit': 'sq.ft'}"
"Somanatha Nagar, Mysore",3 BHK Independent House,2900 sq.ft built up area ,[15000000],"{'value': 2900, 'unit': 'sq.ft'}"
"Somanatha Nagar, Mysore",3 BHK Independent House,2900 sq.ft built up area ,[16000000],"{'value': 2900, 'unit': 'sq.ft'}"
"Kuvempu Nagar 1st Stage, Kuvempunagar, Mysore",4 BHK Independent House,3600 sq.ft built up area ,[21500000],"{'value': 3600, 'unit': 'sq.ft'}"
"Palm woods , Sardar Vallabh Bhai Patel Nagara, Mysore",3 BHK Independent House,2100 sq.ft built up area ,[9500000],"{'value': 2100, 'unit': 'sq.ft'}"
"Kuvempu Nagar m block Mysore , Kuvempu Nagar 2nd Stage, Kuvempunagar, Mysore",3 BHK Independent House,600 sq.ft built up area ,[6700000],"{'value': 600, 'unit': 'sq.ft'}"
"Vijay Nagar 2nd Stage, Vijayanagar, Mysore",3 BHK Independent House,1800 sq.ft built up area ,[15000000],"{'value': 1800, 'unit': 'sq.ft'}"
"Elivala, Mysore",2 BHK Independent House,1000 sq.ft built up area ,[4200000],"{'value': 1000, 'unit': 'sq.ft'}"
"Akruthi layout, Block A, J P Nagar, Mysore",2 BHK Independent House,1300 sq.ft built up area ,[7200000],"{'value': 1300, 'unit': 'sq.ft'}"
"Akruthi layout, Siddalingeshwara Layout 1st Stage, J P Nagar, Mysore",2 BHK Independent House,1200 sq.ft built up area ,[7100000],"{'value': 1200, 'unit': 'sq.ft'}"
"Railway layout j p nagar, Siddalingeshwara Layout 1st Stage, J P Nagar, Mysore",2 BHK Independent House,1200 sq.ft built up area ,[7200000],"{'value': 1200, 'unit': 'sq.ft'}"
"Gurukula layout, Block A, J P Nagar, Mysore",3 BHK Independent House,1200 sq.ft built up area ,[11000000],"{'value': 1200, 'unit': 'sq.ft'}"
"Hebbal Industrial Estate, Hebbal, Mysore",3 BHK Independent House,650 sq.ft built up area ,[7800000],"{'value': 650, 'unit': 'sq.ft'}"
"Silicon Valley Residential Layout, Hebbal Industrial Estate, Hebbal, Mysore",2 BHK Independent House,1200 sq.ft built up area ,[5499000],"{'value': 1200, 'unit': 'sq.ft'}"
"Bannimantap, Mysore",1 BHK Independent House,420 sq.ft built up area ,[3200000],"{'value': 420, 'unit': 'sq.ft'}"
"Vijay Nagar 3rd Stage, Vijayanagar, Mysore",3 BHK Independent House,4800 sq.ft built up area ,[38500000],"{'value': 4800, 'unit': 'sq.ft'}"
"Railway layout J P NAGAR, J P Nagar, Mysore",2 BHK Independent House,1200 sq.ft built up area ,[7000000],"{'value': 1200, 'unit': 'sq.ft'}"
"Vijayanagar, Mysore",3 BHK Independent House,1200 sq.ft built up area ,[6900000],"{'value': 1200, 'unit': 'sq.ft'}"
"Gokulam 3rd Stage, Gokulam, Mysore",4 BHK Independent House,796 sq.ft built up area ,[6500000],"{'value': 796, 'unit': 'sq.ft'}"
"Bannimantap, Mysore",1 BHK Independent House,250 sq.ft built up area ,[3500000],"{'value': 250, 'unit': 'sq.ft'}"
"Aravinda Nagar, Vivekananda Nagar, Mysore",2 BHK Independent House,600 sq.ft built up area ,[5000000],"{'value': 600, 'unit': 'sq.ft'}"
"J P Nagar, Mysore",3 BHK Independent House,1200 sq.ft built up area ,[8200000],"{'value': 1200, 'unit': 'sq.ft'}"
"Aasthik Ample Homes, Vijayanagar 1st Stage, Vijayanagar, Mysore",2 BHK Apartment,1174 sq.ft built up area ,[5800000],"{'value': 1174, 'unit': 'sq.ft'}"
"Kesare, Mysore",2 BHK Independent House,600 sq.ft built up area ,[4200000],"{'value': 600, 'unit': 'sq.ft'}"
"Bank Employees' Colony, Bogadi, Mysore",3 BHK Independent House,1300 sq.ft built up area ,[6700000],"{'value': 1300, 'unit': 'sq.ft'}"
"JUSTNEED, Vani Vilas Mohalla, Mysore",2 BHK Apartment,1200 sq.ft built up area ,[7200000],"{'value': 1200, 'unit': 'sq.ft'}"
"Hebbal Industrial Estate, Hebbal, Mysore",2 BHK Independent House,960 sq.ft built up area ,[5000000],"{'value': 960, 'unit': 'sq.ft'}"
"J P Nagar, Mysore",3 BHK Independent House,2400 sq.ft built up area ,[13440000],"{'value': 2400, 'unit': 'sq.ft'}"
"Rajiv Nagar, Mysore",6 BHK Independent House,4800 sq.ft built up area ,[18000000],"{'value': 4800, 'unit': 'sq.ft'}"
"individual , Jayanagar, Kuvempunagar, Mysore",1 BHK Independent House,720 sq.ft built up area ,[4200000],"{'value': 720, 'unit': 'sq.ft'}"
"Bogadi 2nd Stage, Bogadi, Mysore",10 BHK Independent House,3500 sq.ft built up area ,[14500000],"{'value': 3500, 'unit': 'sq.ft'}"
"Bogadi 2nd Stage, Bogadi, Mysore",10 BHK Independent House,4000 sq.ft built up area ,[14500000],"{'value': 4000, 'unit': 'sq.ft'}"
"Benchmark Urbana, Jayalakshmipuram, Mysore",3 BHK Apartment,1800 sq.ft built up area ,[12000000],"{'value': 1800, 'unit': 'sq.ft'}"
"Kukkarahalli, Saraswathipuram, Mysore",3 BHK Independent House,2400 sq.ft built up area ,[18000000],"{'value': 2400, 'unit': 'sq.ft'}"
"JUSTNEED, Jayalakshmipuram, Mysore",2 BHK Apartment,1200 sq.ft built up area ,[6500000],"{'value': 1200, 'unit': 'sq.ft'}"
"Metagalli, Mysore",3 BHK Villa,3250 sq.ft built up area ,[11999000],"{'value': 3250, 'unit': 'sq.ft'}"
"Hebbal 2nd Stage, Mysore",4 BHK Independent House,2200 sq.ft built up area ,[13500000],"{'value': 2200, 'unit': 'sq.ft'}"
"J P Nagar, Mysore",2 BHK Independent House,1200 sq.ft built up area ,[6500000],"{'value': 1200, 'unit': 'sq.ft'}"
"Vanivillas society , Vijay Nagar 2nd Stage, Vijayanagar, Mysore",6 BHK Independent House,3700 sq.ft built up area ,[12000000],"{'value': 3700, 'unit': 'sq.ft'}"
"Vijayanagar 4th stage, Vijayanagar, Mysore",3 BHK Independent House,2400 sq.ft built up area ,[10500000],"{'value': 2400, 'unit': 'sq.ft'}"
"Hebbal 2nd stage , Hebbal 2nd Stage, Mysore",2 BHK Independent House,2750 sq.ft built up area ,[12500000],"{'value': 2750, 'unit': 'sq.ft'}"
"2nd Stage, Sriramapura, Mysore",3 BHK Independent House,600 sq.ft built up area ,[5200000],"{'value': 600, 'unit': 'sq.ft'}"
"3rd stage vijayanagar , Vijay Nagar 3rd Stage, Vijayanagar, Mysore",3 BHK Independent House,600 sq.ft built up area ,[7500000],"{'value': 600, 'unit': 'sq.ft'}"
"Vijayanagar 1st Stage, Vijayanagar, Mysore",2 BHK Independent House,1100 sq.ft built up area ,[8500000],"{'value': 1100, 'unit': 'sq.ft'}"
"Temple view apartments , Vidayaranya Puram, Mysore",3 BHK Apartment,1675 sq.ft built up area ,[5200000],"{'value': 1675, 'unit': 'sq.ft'}"
"Metagalli, Mysore",2 BHK Independent House,600 sq.ft built up area ,[2500000],"{'value': 600, 'unit': 'sq.ft'}"
"Rajiv Nagar A zone, Rajiv Nagar, Mysore",2 BHK Independent House,1350 sq.ft built up area ,[4500000],"{'value': 1350, 'unit': 'sq.ft'}"
"Belvata Gram, Belvata, Mysore",2 BHK Independent House,600 sq.ft built up area ,[2500000],"{'value': 600, 'unit': 'sq.ft'}"
"Sathagalli Layout, Mysore",8 BHK Independent House,5000 sq.ft built up area ,[19000000],"{'value': 5000, 'unit': 'sq.ft'}"
"Hebbal 1st Stage, Mysore",1 BHK Independent House,920 sq.ft built up area ,[5000000],"{'value': 920, 'unit': 'sq.ft'}"
"Theju corner vijayanagar 4th stage, Vijayanagar, Mysore",3 BHK Independent House,1150 sq.ft built up area ,[7200000],"{'value': 1150, 'unit': 'sq.ft'}"
"Dattagalli Third Stage, Mysore",3 BHK Independent House,2200 sq.ft built up area ,[10000000],"{'value': 2200, 'unit': 'sq.ft'}"
"Hebbal 2nd Stage, Mysore",3 BHK Independent House,1200 sq.ft built up area ,[9500000],"{'value': 1200, 'unit': 'sq.ft'}"
" Temple View, Vidayaranya Puram, Mysore",3 BHK Apartment,1700 sq.ft built up area ,[5200000],"{'value': 1700, 'unit': 'sq.ft'}"
"Ramakrishnanagar, Mysore",5 BHK Independent House,2800 sq.ft built up area ,[14000000],"{'value': 2800, 'unit': 'sq.ft'}"
"Vijay Nagar 3rd Stage, Vijayanagar, Mysore",2 BHK Independent House,1100 sq.ft built up area ,[8500000],"{'value': 1100, 'unit': 'sq.ft'}"
"J P Nagar, Mysore",2 BHK Independent House,750 sq.ft built up area ,[5000000],"{'value': 750, 'unit': 'sq.ft'}"
"Rajiv Nagar, Mysore",6 BHK Apartment,3040 sq.ft built up area ,[14500000],"{'value': 3040, 'unit': 'sq.ft'}"
"Vijayanagar 4th stage 2nd phase Mysore, Vijayanagar, Mysore",4 BHK Independent House,2400 sq.ft built up area ,[14500000],"{'value': 2400, 'unit': 'sq.ft'}"
"BEML Nagar, Mysore",2 BHK Independent House,1200 sq.ft built up area ,[6900000],"{'value': 1200, 'unit': 'sq.ft'}"
"Vijayanagar 4th stage 2nd phase, Vijayanagar, Mysore",2 BHK Independent House,600 sq.ft built up area ,[6300000],"{'value': 600, 'unit': 'sq.ft'}"
"J P Nagar, Mysore",2 BHK Independent House,1200 sq.ft built up area ,[8500000],"{'value': 1200, 'unit': 'sq.ft'}"
"J P Nagar, Mysore",2 BHK Independent House,1200 sq.ft built up area ,[8500000],"{'value': 1200, 'unit': 'sq.ft'}"
"2nd Stage, Sriramapura, Mysore",4 BHK Independent House,600 sq.ft built up area ,[5800000],"{'value': 600, 'unit': 'sq.ft'}"
"2pace, Vijayanagar, Mysore",3 BHK Independent House,1200 sq.ft built up area ,[5800000],"{'value': 1200, 'unit': 'sq.ft'}"
"Hinkal, Mysore",3 BHK Apartment,1700 sq.ft built up area ,[7000000],"{'value': 1700, 'unit': 'sq.ft'}"
"Ramakrishnanagar, Mysore",2 BHK Apartment,1100 sq.ft built up area ,[5200000],"{'value': 1100, 'unit': 'sq.ft'}"
"Siddhartha Layout, Mysore",4 BHK Independent House,2300 sq.ft built up area ,[11500000],"{'value': 2300, 'unit': 'sq.ft'}"
"Srinivasa Srirampura 2nd Stage, BEML Nagar, Mysore",3 BHK Independent House,600 sq.ft built up area ,[6000000],"{'value': 600, 'unit': 'sq.ft'}"
"house for sale, Dattagalli Third Stage, Mysore",3 BHK Independent House,2400 sq.ft built up area ,[9000000],"{'value': 2400, 'unit': 'sq.ft'}"
"Kuvempu Nagar 1st Stage, Kuvempunagar, Mysore",4 BHK Independent House,4500 sq.ft built up area ,[16000000],"{'value': 4500, 'unit': 'sq.ft'}"
"Sharadadevinagar, Sharadadevi Nagar, Mysore",4 BHK Independent House,525 sq.ft built up area ,[3300000],"{'value': 525, 'unit': 'sq.ft'}"
"Aravinda Nagar, Vivekananda Nagar, Mysore",2 BHK Independent House,1800 sq.ft built up area ,[6500000],"{'value': 1800, 'unit': 'sq.ft'}"
"Gokulam 3rd Stage, Gokulam, Mysore",4 BHK Independent House,2700 sq.ft built up area ,[20000000],"{'value': 2700, 'unit': 'sq.ft'}"
"Hebbal 2nd Stage, Mysore",3 BHK Independent House,1200 sq.ft built up area ,[7000000],"{'value': 1200, 'unit': 'sq.ft'}"
"Vijayanagar, Mysore",4 BHK Independent House,1100 sq.ft built up area ,[6300000],"{'value': 1100, 'unit': 'sq.ft'}"
"Dattagalli Third Stage, Mysore",3 BHK Independent House,1150 sq.ft built up area ,[7000000],"{'value': 1150, 'unit': 'sq.ft'}"
"Hebbal 2nd Stage, Mysore",2 BHK Independent House,1170 sq.ft built up area ,[4900000],"{'value': 1170, 'unit': 'sq.ft'}"
"Vijay Nagar 2nd Stage, Vijayanagar, Mysore",2 BHK Independent House,790 sq.ft built up area ,[5500000],"{'value': 790, 'unit': 'sq.ft'}"
"Vijayanagar, Mysore",2 BHK Independent House,1200 sq.ft built up area ,[6500000],"{'value': 1200, 'unit': 'sq.ft'}"
"Vijayanagar, Mysore",4 BHK Independent House,2350 sq.ft built up area ,[13000000],"{'value': 2350, 'unit': 'sq.ft'}"
"Vijayanagar, Mysore",3 BHK Independent House,1175 sq.ft built up area ,[6400000],"{'value': 1175, 'unit': 'sq.ft'}"
"Vijayanagar, Mysore",2 BHK Independent House,650 sq.ft built up area ,[5000000],"{'value': 650, 'unit': 'sq.ft'}"
"Hebbal 2nd Stage, Mysore",4 BHK Independent House,1100 sq.ft built up area ,[7000000],"{'value': 1100, 'unit': 'sq.ft'}"
"Dattagalli Third Stage, Mysore",3 BHK Independent House,1300 sq.ft built up area ,[7000000],"{'value': 1300, 'unit': 'sq.ft'}"
"Hebbal 2nd Stage, Mysore",2 BHK Independent House,625 sq.ft built up area ,[4500000],"{'value': 625, 'unit': 'sq.ft'}"
"Allanahalli Layout, Alanahalli Village, Mysore",2 BHK Independent House,1250 sq.ft built up area ,[7400000],"{'value': 1250, 'unit': 'sq.ft'}"
"Hebbal 2nd Stage, Mysore",10 BHK Independent House,2500 sq.ft built up area ,[13000000],"{'value': 2500, 'unit': 'sq.ft'}"
"JUSTNEED , Jayalakshmipuram, Mysore",2 BHK Apartment,1000 sq.ft built up area ,[6400000],"{'value': 1000, 'unit': 'sq.ft'}"
"J P Nagar, Mysore",3 BHK Independent House,1200 sq.ft built up area ,[8000000],"{'value': 1200, 'unit': 'sq.ft'}"
"Hulikere, Mysore",2 BHK Independent House,1200 sq.ft built up area ,[5200000],"{'value': 1200, 'unit': 'sq.ft'}"
"Vijayanagar, Mysore",3 BHK Villa,650 sq.ft built up area ,[6600000],"{'value': 650, 'unit': 'sq.ft'}"
"2nd Stage, Sriramapura, Mysore",2 BHK Independent House,600 sq.ft built up area ,[4500000],"{'value': 600, 'unit': 'sq.ft'}"
"Building , 2nd Stage, Sriramapura, Mysore",3 BHK Independent House,2400 sq.ft built up area ,[13000000],"{'value': 2400, 'unit': 'sq.ft'}"
"JUSTNEED , Vijay Nagar 2nd Stage, Vijayanagar, Mysore",3 BHK Independent House,2200 sq.ft built up area ,[13500000],"{'value': 2200, 'unit': 'sq.ft'}"
"Nehsara Apartment, Jayalakshmipuram, Mysore",3 BHK Apartment,1800 sq.ft built up area ,[9000000],"{'value': 1800, 'unit': 'sq.ft'}"
"Vijayanagar 4th stage, Vijayanagar, Mysore",2 BHK Independent House,1200 sq.ft built up area ,[11000000],"{'value': 1200, 'unit': 'sq.ft'}"
"Dattagalli Third Stage, Mysore",4 BHK Independent House,1200 sq.ft built up area ,[7000000],"{'value': 1200, 'unit': 'sq.ft'}"
"Building , Marase, Mysore",8 BHK Independent House,3800 sq.ft built up area ,[16000000],"{'value': 3800, 'unit': 'sq.ft'}"
"Not Available, Dattagalli Third Stage, Mysore",2 BHK Independent House,600 sq.ft built up area ,[7000000],"{'value': 600, 'unit': 'sq.ft'}"
"Building , Kuvempu Nagar 1st Stage, Kuvempunagar, Mysore",2 BHK Independent House,600 sq.ft built up area ,[4200000],"{'value': 600, 'unit': 'sq.ft'}"
"Brigade Palmgrove Villas, Deepanagar, Mysore",4 BHK Villa,3900 sq.ft built up area ,[40000000],"{'value': 3900, 'unit': 'sq.ft'}"
"JUSTNEED, Hebbal 2nd Stage, Mysore",3 BHK Independent House,2000 sq.ft built up area ,[14500000],"{'value': 2000, 'unit': 'sq.ft'}"
"Nanjangud, Mysore",4 BHK Independent House,1150 sq.ft built up area ,[6800000],"{'value': 1150, 'unit': 'sq.ft'}"
"Rajiv Nagar, Mysore",3 BHK Independent House,1800 sq.ft built up area ,[8500000],"{'value': 1800, 'unit': 'sq.ft'}"
"Builders floors , Vijay Nagar 3rd Stage, Vijayanagar, Mysore",2 BHK Independent House,600 sq.ft built up area ,[6300000],"{'value': 600, 'unit': 'sq.ft'}"
"Vijay Nagar 3rd Stage, Vijayanagar, Mysore",2 BHK Independent House,600 sq.ft built up area ,[7500000],"{'value': 600, 'unit': 'sq.ft'}"
"Vijay Nagar 3rd Stage, Vijayanagar, Mysore",2 BHK Independent House,600 sq.ft built up area ,[7500000],"{'value': 600, 'unit': 'sq.ft'}"
"JUSTJUSTNEED , Jayalakshmipuram, Mysore",3 BHK Apartment,1700 sq.ft built up area ,[12000000],"{'value': 1700, 'unit': 'sq.ft'}"
"JUSTNEED, Jayalakshmipuram, Mysore",3 BHK Apartment,1700 sq.ft built up area ,[12000000],"{'value': 1700, 'unit': 'sq.ft'}"
"Fort Mohalla, Mysore",2 BHK Independent House,830 sq.ft built up area ,[7000000],"{'value': 830, 'unit': 'sq.ft'}"
"Vijayanagar, Mysore",3 BHK Independent House,1100 sq.ft built up area ,[5800000],"{'value': 1100, 'unit': 'sq.ft'}"
"Telecom layout Bogadi, Bogadi 2nd Stage North, Mysore",3 BHK Independent House,1800 sq.ft built up area ,[11000000],"{'value': 1800, 'unit': 'sq.ft'}"
"Vinayaka enclave , Vijayanagar, Mysore",3 BHK Villa,1250 sq.ft built up area ,[5600000],"{'value': 1250, 'unit': 'sq.ft'}"
"Bank Employees' Colony, Bogadi, Mysore",5 BHK Independent House,3000 sq.ft built up area ,[13500000],"{'value': 3000, 'unit': 'sq.ft'}"
"LAKSHMIKANTHNAGAR , Hebbal Industrial Estate, Hebbal, Mysore",1 BHK Independent House,450 sq.ft built up area ,[3300000],"{'value': 450, 'unit': 'sq.ft'}"
"Hebbal, Hebbal 1st Stage, Mysore",1 BHK Independent House,600 sq.ft built up area ,[3100000],"{'value': 600, 'unit': 'sq.ft'}"
"Vijayanagar, Mysore",4 BHK Independent House,6000 sq.ft built up area ,[580000],"{'value': 6000, 'unit': 'sq.ft'}"
"Dattagalli, Dattagalli Third Stage, Mysore",2 BHK Independent House,700 sq.ft built up area ,[2500000],"{'value': 700, 'unit': 'sq.ft'}"
"Vijayanagar, Mysore",2 BHK Independent House,1200 sq.ft built up area ,[8200000],"{'value': 1200, 'unit': 'sq.ft'}"
"Hebbal Industrial Estate, Hebbal, Mysore",2 BHK Independent House,1600 sq.ft built up area ,[8500000],"{'value': 1600, 'unit': 'sq.ft'}"
"Bank Employees' Colony, Bogadi, Mysore",5 BHK Independent House,1800 sq.ft built up area ,[17000000],"{'value': 1800, 'unit': 'sq.ft'}"
"J P Nagar, Mysore",2 BHK Independent House,1750 sq.ft built up area ,[9500000],"{'value': 1750, 'unit': 'sq.ft'}"
"Block A, J P Nagar, Mysore",2 BHK Independent House,1750 sq.ft built up area ,[9500000],"{'value': 1750, 'unit': 'sq.ft'}"
"Vijay Nagar 4th stage, Vijayanagar, Mysore",2 BHK Independent House,1200 sq.ft built up area ,[12500000],"{'value': 1200, 'unit': 'sq.ft'}"
"Vijayanagar, Mysore",2 BHK Independent House,600 sq.ft built up area ,[5250000],"{'value': 600, 'unit': 'sq.ft'}"
"Ramakrishnanagar, Mysore",5 BHK Independent House,1200 sq.ft built up area ,[8000000],"{'value': 1200, 'unit': 'sq.ft'}"
"Kalyanagiri, Mysore",5 BHK Independent House,2040 sq.ft built up area ,[7000000],"{'value': 2040, 'unit': 'sq.ft'}"
"Fort Mohalla, Mysore",2 BHK Independent House,820 sq.ft built up area ,[7500000],"{'value': 820, 'unit': 'sq.ft'}"
"Vijayanagar, Mysore",3 BHK Independent House,1200 sq.ft built up area ,[13500000],"{'value': 1200, 'unit': 'sq.ft'}"
"J P Nagar, Mysore",3 BHK Independent House,3040 sq.ft built up area ,[12000000],"{'value': 3040, 'unit': 'sq.ft'}"
"Kuvempu Nagar 1st Stage, Kuvempunagar, Mysore",2 BHK Independent House,640 sq.ft built up area ,[4500000],"{'value': 640, 'unit': 'sq.ft'}"
"Hebbal Industrial Estate, Hebbal, Mysore",5 BHK Villa,1500 sq.ft built up area ,[5200000],"{'value': 1500, 'unit': 'sq.ft'}"
"2nd Stage, Sriramapura, Mysore",2 BHK Independent House,1000 sq.ft built up area ,[7500000],"{'value': 1000, 'unit': 'sq.ft'}"
"Sri Keshava Krupa , Vidayaranya Puram, Mysore",3 BHK Villa,1700 sq.ft built up area ,[15000000],"{'value': 1700, 'unit': 'sq.ft'}"
"Kuvemunagar M block, Kuvempu Nagar 1st Stage, Kuvempunagar, Mysore",2 BHK Independent House,640 sq.ft built up area ,[4500000],"{'value': 640, 'unit': 'sq.ft'}"
"Gokulam 2nd Stage, Gokulam, Mysore",3 BHK Independent House,1350 sq.ft built up area ,[8000000],"{'value': 1350, 'unit': 'sq.ft'}"
"SBM layout, Bank Employees' Colony, Bogadi, Mysore",5 BHK Villa,3300 sq.ft built up area ,[14000000],"{'value': 3300, 'unit': 'sq.ft'}"
"9578 vijaynagar 4th stage, Vijay Nagar 3rd Stage, Vijayanagar, Mysore",2 BHK Independent House,900 sq.ft built up area ,[5000000],"{'value': 900, 'unit': 'sq.ft'}"
"Pratham Pooja, Vijayanagar 1st Stage, Vijayanagar, Mysore",3 BHK Apartment,1300 sq.ft built up area ,[4500000],"{'value': 1300, 'unit': 'sq.ft'}"
"Kuvempunagar, Mysore",3 BHK Independent House,1800 sq.ft built up area ,[18000000],"{'value': 1800, 'unit': 'sq.ft'}"
"Basavanahalli, Mysore",3 BHK Independent House,600 sq.ft built up area ,[5800000],"{'value': 600, 'unit': 'sq.ft'}"
"Vinayaka Enclaves, Vijayanagar 1st Stage, Vijayanagar, Mysore",2 BHK Independent House,1500 sq.ft built up area ,[6000000],"{'value': 1500, 'unit': 'sq.ft'}"
"Disha, Madagalli, Mysore",3 BHK Independent House,2200 sq.ft built up area ,[10000000],"{'value': 2200, 'unit': 'sq.ft'}"
"BEML Nagar, Mysore",3 BHK Independent House,2200 sq.ft built up area ,[12800000],"{'value': 2200, 'unit': 'sq.ft'}"
"2nd Stage, Sriramapura, Mysore",2 BHK Independent House,1200 sq.ft built up area ,[6500000],"{'value': 1200, 'unit': 'sq.ft'}"
"Sriramapura, Mysore",2 BHK Independent House,1200 sq.ft built up area ,[7500000],"{'value': 1200, 'unit': 'sq.ft'}"
"Kuvempu Nagar 1st Stage, Kuvempunagar, Mysore",3 BHK Independent House,5030 sq.ft built up area ,[16000000],"{'value': 5030, 'unit': 'sq.ft'}"
"Sriramapura, Mysore",2 BHK Independent House,600 sq.ft built up area ,[4000000],"{'value': 600, 'unit': 'sq.ft'}"
"2nd Stage, Sriramapura, Mysore",2 BHK Independent House,1200 sq.ft built up area ,[7800000],"{'value': 1200, 'unit': 'sq.ft'}"
"Sriramapura, Mysore",3 BHK Independent House,1200 sq.ft built up area ,[10000000],"{'value': 1200, 'unit': 'sq.ft'}"
"Vijay multi selling and buying group , Block A, J P Nagar, Mysore",4 BHK Independent House,1200 sq.ft built up area ,[14000000],"{'value': 1200, 'unit': 'sq.ft'}"
"Ramakrishnanagar, Mysore",2 BHK Independent House,600 sq.ft built up area ,[4500000],"{'value': 600, 'unit': 'sq.ft'}"
"Rohi builders , BEML Nagar, Mysore",3 BHK Independent House,2200 sq.ft built up area ,[12800000],"{'value': 2200, 'unit': 'sq.ft'}"
"Dattagalli Third Stage, Mysore",3 BHK Independent House,1600 sq.ft built up area ,[12000000],"{'value': 1600, 'unit': 'sq.ft'}"
"Disha housing society, Bank Employees' Colony, Bogadi, Mysore",3 BHK Independent House,2200 sq.ft built up area ,[10000000],"{'value': 2200, 'unit': 'sq.ft'}"
"Ramkrishna Nagar , Ramakrishnanagar, Mysore",2 BHK Independent House,600 sq.ft built up area ,[4000000],"{'value': 600, 'unit': 'sq.ft'}"
"Duplex house, Sriramapura, Mysore",3 BHK Independent House,1200 sq.ft built up area ,[11500000],"{'value': 1200, 'unit': 'sq.ft'}"
"Bogadi 2nd Stage, Bogadi, Mysore",3 BHK Independent House,1900 sq.ft built up area ,[8500000],"{'value': 1900, 'unit': 'sq.ft'}"
"JP Nagar , Siddalingeshwara Layout 1st Stage, J P Nagar, Mysore",3 BHK Independent House,750 sq.ft built up area ,[15000000],"{'value': 750, 'unit': 'sq.ft'}"
"individual house MUDA  property, Lakshmikanth Nagar, Hebbal 1st Stage, Mysore",2 BHK Independent House,600 sq.ft built up area ,[3000000],"{'value': 600, 'unit': 'sq.ft'}"
"2nd Stage, Sriramapura, Mysore",3 BHK Independent House,2400 sq.ft built up area ,[12500000],"{'value': 2400, 'unit': 'sq.ft'}"
"Vijayanagar, Mysore",3 BHK Independent House,1600 sq.ft built up area ,[14500000],"{'value': 1600, 'unit': 'sq.ft'}"
"Vijayanagar, Mysore",3 BHK Independent House,1600 sq.ft built up area ,[14500000],"{'value': 1600, 'unit': 'sq.ft'}"
"Vijayanagar, Mysore",2 BHK Independent House,600 sq.ft built up area ,[4300000],"{'value': 600, 'unit': 'sq.ft'}"
"Sriramapura, Mysore",4 BHK Independent House,1200 sq.ft built up area ,[11000000],"{'value': 1200, 'unit': 'sq.ft'}"
"Rajendra Nagar, Mysore",3 BHK Independent House,1220 sq.ft built up area ,[6500000],"{'value': 1220, 'unit': 'sq.ft'}"
"2nd Stage, Sriramapura, Mysore",2 BHK Independent House,1200 sq.ft built up area ,[7500000],"{'value': 1200, 'unit': 'sq.ft'}"
"2nd Stage, Sriramapura, Mysore",4 BHK Independent House,1200 sq.ft built up area ,[12000000],"{'value': 1200, 'unit': 'sq.ft'}"
"Ilavala Hobli, Mysore",Pathak Pratham Pinnacle,2 BHK Apartment,[3720000],"{'value': 1200, 'unit': 'sq.ft'}"
"Rahmania Mohalla, Mysore",Shubham Diwans,"2, 3 BHK Apartments","[4000000, 7200000]","{'value': 1000, 'unit': 'sq.ft'}"
"Somanatha Nagar, Mysore",Pramur Adonis,"2, 3, 4 BHK Apartment,Duplexes","[5446800, 12991400]","{'value': 1602, 'unit': 'sq.ft'}"
"Vontikoppal, Mysore",Manasa Palm Spring,"2, 3 BHK Apartments","[4152250, 5040500]","{'value': 977, 'unit': 'sq.ft'}"
"Lakshmipuram, Mysore",Manasa Subhindra,"2, 3, 3.5 BHK Apartments","[4611250, 6800000]","{'value': 1085, 'unit': 'sq.ft'}"
"Lalith Mahal Quatras, Mysore",Sankalp Luxuria,3 BHK Apartment,"[10965500, 16679000]","{'value': 1687, 'unit': 'sq.ft'}"
"Vani Vilas Mohalla, Mysore",Sankalp Sunshine,"2, 3 BHK Apartments",[],"{'value': 1148, 'unit': 'sq.ft'}"
"Karanji Layout, Mysore",Pathak Pratham Mahaveer,"2, 3 BHK Apartments","[3740000, 5440000]","{'value': 1100, 'unit': 'sq.ft'}"
"Bogadi, Gaddige Road, Mysore",Gagan Clear Waters,"2, 3 BHK Apartments","[3515000, 6227100]","{'value': 950, 'unit': 'sq.ft'}"
"Kuvempunagar, Mysore",Value VDB Mint,3 BHK Apartment,"[4155000, 4626000]","{'value': 1385, 'unit': 'sq.ft'}"
"Fort Mohalla, Mysore",Foundations Shankara,"1, 2 BHK Apartments",[],"{'value': 600, 'unit': 'sq.ft'}"
"Bannimantap, Mysore",Altair Grand View,"2, 3 BHK Apartments","[3135000, 5887200]","{'value': 950, 'unit': 'sq.ft'}"
"Vidayaranya Puram, Mysore",DS Max Smaran,2 BHK Apartment,"[2655000, 3738000]","{'value': 885, 'unit': 'sq.ft'}"
"Saraswathipuram, Mysore",Pathak Pratham Panchami,2 BHK Apartment,[],"{'value': 980, 'unit': 'sq.ft'}"
"Doora, Mysore",Unitech Palace Court,"4, 5 BHK Villas",[],"{'value': 1978, 'unit': 'sq.ft'}"
"Rajendra Nagar, Mysore",Vijaya Tarangini,"1, 2, 3 BHK Apartments","[2171400, 3980900]","{'value': 600, 'unit': 'sq.ft'}"
"Bettadpura, Mysore",Manasa Enclave,"1, 2, 3 BHK Apartments","[3230000, 6460000]","{'value': 850, 'unit': 'sq.ft'}"
"Yadavagiri, Mysore",Manasa Sriranga,"1, 2, 3 BHK Apartments","[3137400, 8820000]","{'value': 747, 'unit': 'sq.ft'}"
"Jayalakshmipuram, Mysore",Premier Metropolis,"2, 3 BHK Apartments","[3680000, 5692800]","{'value': 1150, 'unit': 'sq.ft'}"
"Ankanahalli, Mysore",Yesh Lifestyle Villas,"2, 3, 4.5, 5 BHK Villas","[2699682, 8996580]","{'value': 1147, 'unit': 'sq.ft'}"
"Rajarajeshwari Nagar, Mysore",G9 Spacious,"2, 3 BHK Villas","[3750000, 7500000]","{'value': 1000, 'unit': 'sq.ft'}"
"Gokulam, Mysore",Sankalp Regies,3 BHK Apartment,[13200000],"{'value': 2206, 'unit': 'sq.ft'}"
"Avverahalli, Mysore",Prithvi Orchids Villa Phase 1,3.5 BHK Villa,"[7949900, 13780100]","{'value': 1939, 'unit': 'sq.ft'}"
"Chamundi Vihar Layout, Mysore",Prithvi World,"2, 3, 4 BHK Apartments","[4920000, 10660000]","{'value': 1200, 'unit': 'sq.ft'}"
"Chamrajpura, Mysore",Pathak Pratham Temple Bells,2 BHK Apartment,[3500000],"{'value': 1250, 'unit': 'sq.ft'}"
"Jayalakshmipuram, Mysore",Manasa Chinmayee,3 BHK Apartment,"[5180000, 6031000]","{'value': 1400, 'unit': 'sq.ft'}"
"Gokulam, Mysore",Premier Kruti Habitat,"2, 3, 4, 5 BHK Apartments",[],"{'value': 1158, 'unit': 'sq.ft'}"
"Vontikoppal, Mysore",Shanders Villa Grand,4 BHK Apartment,[15999500],"{'value': 2750, 'unit': 'sq.ft'}"
"Siddhartha Layout, Mysore",Premier Redwood,"2, 3 BHK Apartments","[5352000, 9224000]","{'value': 1338, 'unit': 'sq.ft'}"
"Yadavagiri, Mysore",Manasa Silver Oak,"2, 3 BHK Apartments","[4464000, 7916000]","{'value': 1116, 'unit': 'sq.ft'}"
"Vani Vilas Mohalla, Mysore",Renaissance Sugama,3 BHK Apartment,[],"{'value': 1463, 'unit': 'sq.ft'}"
"Jayalakshmipuram, Mysore",Pathak Sai Geetanjali,2 BHK Apartment,[],"{'value': 1300, 'unit': 'sq.ft'}"
"Siddhartha Layout, Mysore",Prithvi Lifestyle,"2, 3 BHK Apartments","[3741000, 6742500]","{'value': 860, 'unit': 'sq.ft'}"
"BEML Nagar, Mysore",Nammane Srirampura,3 BHK Villa,[13500000],"{'value': 3000, 'unit': 'sq.ft'}"
"Madagalli, Mysore",G9 Gardenia,"2, 3 BHK Villas",[],"{'value': 1400, 'unit': 'sq.ft'}"
"Madagalli, Mysore",KBL Gardenia,"2, 3 BHK Villas","[4420800, 6999600]","{'value': 1200, 'unit': 'sq.ft'}"
"Hinkal, Mysore",Bonitas Vijaya,"2, 3 BHK Apartments","[3500000, 5250000]","{'value': 1000, 'unit': 'sq.ft'}"
"Jayalakshmipuram, Mysore",Sankalp Sankalp Orchid,2 BHK Apartment,[],"{'value': 1000, 'unit': 'sq.ft'}"
"Vidayaranya Puram, Mysore",Oceanus Royale,"2, 2.5, 3 BHK Apartments","[2959200, 3963600]","{'value': 1096, 'unit': 'sq.ft'}"
"Vidayaranya Puram, Mysore",Sudhabdhi Sukha,"2, 3 BHK Apartments","[3500000, 5950000]","{'value': 1000, 'unit': 'sq.ft'}"
"Vontikoppal, Mysore",NCC Nagarjuna Princess Manor,2 BHK Apartment,[],"{'value': 1215, 'unit': 'sq.ft'}"
"Vijayanagar, Mysore",Paramount Serene,2 BHK Apartment,"[5616600, 6279000]","{'value': 1221, 'unit': 'sq.ft'}"
"Vani Vilas Mohalla, Mysore",Pathak Pratham Bharadwaj,"2, 3 BHK Apartments","[6235000, 6643500]","{'value': 1450, 'unit': 'sq.ft'}"
"Ilavala Hobli, Mysore",VM Prime Residency,"2, 3 BHK Apartments",[],"{'value': 930, 'unit': 'sq.ft'}"
"Gokulam, Mysore",Damden Centrum,"2, 3 BHK Apartments","[6600000, 9900000]","{'value': 1200, 'unit': 'sq.ft'}"
"Gokulam, Mysore",Sankalp Sankalp Gardenia,1 BHK Apartment,[],"{'value': 980, 'unit': 'sq.ft'}"
"Hinkal, Mysore",Manasa Royal Phase 1,"2, 3 BHK Apartments","[4080000, 5440000]","{'value': 1200, 'unit': 'sq.ft'}"
"Yadavagiri, Mysore",Manasa Mayura,"2, 3 BHK Apartments","[3094400, 5292800]","{'value': 967, 'unit': 'sq.ft'}"
"Jayalakshmipuram, Mysore",Sankalp Sankalp Sapphire,2 BHK Apartment,[],"{'value': 1000, 'unit': 'sq.ft'}"
"Lakshmipuram, Mysore",Sankalp Sankalp Manimandira,2 BHK Apartment,[],"{'value': 850, 'unit': 'sq.ft'}"
"Gokulam, Mysore",Pathak Pratham Empire,"2, 3 BHK Apartments",[],"{'value': 1020, 'unit': 'sq.ft'}"
"Rajendra Nagar, Mysore",Precinct Dewans Park View,2 BHK Apartment,"[4118400, 4497900]","{'value': 1248, 'unit': 'sq.ft'}"
"Gokulam, Mysore",Pathak Pratham Glory,2 BHK Apartment,"[4481400, 5499900]","{'value': 1100, 'unit': 'sq.ft'}"
"Ilavala Hobli, Mysore",VRR Spoorthi,"2, 3 BHK Apartments","[2996000, 4200000]","{'value': 1070, 'unit': 'sq.ft'}"
"Vijayanagar, Mysore",Sowparnika Blue Bells,"2, 3 BHK Apartments","[3442500, 5838750]","{'value': 918, 'unit': 'sq.ft'}"
"Vijayanagar, Mysore",Sankalp Sky Villas,3 BHK Apartment,[],"{'value': 28933, 'unit': 'sq.ft'}"
"Vijayanagar, Mysore",Pathak Pratham Mayflower,"2, 3 BHK Apartments","[3500000, 5075000]","{'value': 1000, 'unit': 'sq.ft'}"
"Yadavagiri, Mysore",Paramount Prime,"2, 3 BHK Apartments","[6325000, 10530000]","{'value': 1265, 'unit': 'sq.ft'}"
"Vidayaranya Puram, Mysore",Value Sienna,"2, 3 BHK Apartments",[],"{'value': 1500, 'unit': 'sq.ft'}"
"Jayalakshmipuram, Mysore",Pathak Pratham Mishra,2.5 BHK Apartment,[3840000],"{'value': 1200, 'unit': 'sq.ft'}"
"Yadavagiri, Mysore",Vaishnavi Sarovar,"2, 3 BHK Apartments",[],"{'value': 1350, 'unit': 'sq.ft'}"
"Vijayanagar, Mysore",Paramount Bliss,"2, 3 BHK Apartments","[5656500, 6610500]","{'value': 1257, 'unit': 'sq.ft'}"
