location,beds,price,area
3 Bedroom Independent House in J.P Nagar,"3 BHK
3 Baths",Price on Request,"1,800 sq.ft.
(167 sq.m.) Built-up Area"
3 Bedroom Independent House in Dattagalli,3 BHK,"₹ 81 - 91 Lac
₹ 4,525/sq.ft.","1,800-2,000 sq.ft.
(167-186 sq.m.) Built-up Area"
3 BHK Residential Apartment in Ittige Gudu,"3 BHK
3 Baths",₹ 1.17 Cr,"1,260 sq.ft.
(117 sq.m.) Carpet Area"
2 BHK Residential Apartment in Ittige Gudu,"2 BHK
2 Baths",₹ 78 Lac,"840 sq.ft.
(78 sq.m.) Carpet Area"
4 BHK Residential Apartment in Bogadi,4 BHK,"₹ 62 Lac
₹ 4,025/sq.ft.","1,540 sq.ft.
(143 sq.m.) Super built-up Area"
3 BHK Residential Apartment in Bogadi,3 BHK,"₹ 52 - 72 Lac
₹ 4,186/sq.ft.","1,212-1,803 sq.ft.
(113-168 sq.m.) Super built-up Area"
2 BHK Residential Apartment in 4th Stage Vijayanagar,,Price on Request,"932-1,279 sq.ft.
(87-119 sq.m.) Carpet Area"
3 BHK Residential Apartment in 4th Stage Vijayanagar,,Price on Request,"1,413-1,445 sq.ft.
(131-134 sq.m.) Carpet Area"
2 BHK Residential Apartment in Bogadi,"2 BHK
1 Bath","₹ 39 - 49 Lac
₹ 4,394/sq.ft.","830-1,174 sq.ft.
(77-109 sq.m.) Super built-up Area"
3 BHK Residential Apartment in Hebbal,"3 BHK
3 Baths","₹ 85 Lac
₹ 5,523/sq.ft.","1,539 sq.ft.
(143 sq.m.) Super built-up Area"
2 BHK Residential Apartment in Hebbal,"2 BHK
2 Baths","₹ 52 Lac
₹ 5,543/sq.ft.","938 sq.ft.
(87 sq.m.) Super built-up Area"
3 BHK Residential Apartment in Yaraganahalli,3 BHK,"₹ 92.5 Lac
₹ 5,678/sq.ft.","1,629 sq.ft.
(151 sq.m.) Super built-up Area"
2 BHK Residential Apartment in Yaraganahalli,"2 BHK
2 Baths","₹ 70 Lac
₹ 5,595/sq.ft.","1,251 sq.ft.
(116 sq.m.) Super built-up Area"
4 BHK Residential Apartment in KRS Road,"4 BHK
5 Baths",₹ 1.49 Cr,"3,040 sq.ft.
(282 sq.m.) Super built-up Area"
3 BHK Residential Apartment in KRS Road,"3 BHK
3 Baths",₹ 1.02 Cr,"1,860 sq.ft.
(173 sq.m.) Super built-up Area"
2 BHK Residential Apartment in KRS Road,"2 BHK
2 Baths",₹ 76 Lac,"1,400 sq.ft.
(130 sq.m.) Super built-up Area"
2 Bedroom Independent House in Kuppedada,"2 BHK
2 Baths","₹ 44 - 63 Lac
₹ 5,759/sq.ft.","750-1,100 sq.ft.
(70-102 sq.m.) Built-up Area"
2 BHK Residential Apartment in Dattagalli,,₹ 50.95 - 54.9 Lac,"1,018-1,098 sq.ft.
(95-102 sq.m.) Carpet Area"
3 BHK Residential Apartment in Dattagalli,,₹ 64.25 - 66.7 Lac,"1,285-1,334 sq.ft.
(119-124 sq.m.) Carpet Area"
4 Bedroom Independent House in Vidyashankara Layout,"4 BHK
3 Baths","₹ 1.06 Cr
₹ 4,818/sq.ft.","1,200 sq.ft.
(111 sq.m.) Plot Area"
3 Bedroom Independent House in Bogadi,"3 BHK
3 Baths","₹ 80 Lac
₹ 6,666/sq.ft.","1,200 sq.ft.
(111 sq.m.) Plot Area"
4 Bedroom Independent House in Yelwala,"4 BHK
4 Baths","₹ 1.4 Cr
₹ 7,567/sq.ft.","1,500 sq.ft.
(139 sq.m.) Plot Area"
"3 Bedroom Independent House in Satya Nagar, Udaigiri","3 BHK
4 Baths","₹ 42 Lac
₹ 7,000/sq.ft.","600 sq.ft.
(56 sq.m.) Plot Area"
2 BHK Residential Apartment in Siddharthanagar,"2 BHK
2 Baths","₹ 75 Lac
₹ 5,067/sq.ft.","1,480 sq.ft.
(138 sq.m.) Super built-up Area"
3 BHK Residential Apartment in JP Nagar,"3 BHK
3 Baths","₹ 64 Lac
₹ 4,961/sq.ft.","1,290 sq.ft.
(120 sq.m.) Built-up Area"
,,,
3 BHK Independent Builder Floor in 2nd Stage Vijaynagar,"3 BHK
3 Baths","₹ 25,000
₹ 18/sq.ft.","1,350 sq.ft.
(125 sq.m.) Carpet Area"
1 Bedroom Independent House in Bannimantap,"1 BHK
1 Bath","₹ 45 Lac
₹ 11,250/sq.ft.","400 sq.ft.
(37 sq.m.) Plot Area"
3 BHK Residential Apartment in J.P Nagar,"3 BHK
3 Baths","₹ 64 Lac
₹ 4,961/sq.ft.","1,290 sq.ft.
(120 sq.m.) Super built-up Area"
2 Bedroom Independent House in Nanjangud,"2 BHK
2 Baths","₹ 65 Lac
₹ 2,708/sq.ft.","2,400 sq.ft.
(223 sq.m.) Plot Area"
4 BHK Independent Builder Floor in Hootagalli,"4 BHK
2 Baths","₹ 1 Cr
₹ 6,667/sq.ft.","1,500 sq.ft.
(139 sq.m.) Super built-up Area"
2 BHK Residential Apartment in KRS Road,"2 BHK
2 Baths","₹ 70 Lac
₹ 4,929/sq.ft.","1,420 sq.ft.
(132 sq.m.) Super built-up Area"
5 Bedroom Independent House in Dattagalli,"5 BHK
3 Baths","₹ 62 Lac
₹ 4,428/sq.ft.","600 sq.ft.
(56 sq.m.) Plot Area"
2 BHK Independent Builder Floor in Jayalakshmipuram,"2 BHK
3 Baths","₹ 1.08 Cr
₹ 6,935/sq.ft.","1,550 sq.ft.
(144 sq.m.) Carpet Area"
3 Bedroom Independent House in Ashoka Rd,"3 BHK
2 Baths","₹ 2.25 Cr
₹ 20,090/sq.ft.","1,120 sq.ft.
(104 sq.m.) Plot Area"
4 Bedroom Independent House in Sathagalli Layout,"4 BHK
4 Baths","₹ 70 Lac
₹ 5,384/sq.ft.","1,300 sq.ft.
(121 sq.m.) Plot Area"
4 Bedroom Independent House in Srirangapatna,"4 BHK
3 Baths","₹ 80 Lac
₹ 4,347/sq.ft.","1,840 sq.ft.
(171 sq.m.) Plot Area"
2 BHK Residential Apartment in New Sayyaji Rao Road,"2 BHK
2 Baths","₹ 55 Lac
₹ 5,000/sq.ft.","1,100 sq.ft.
(102 sq.m.) Carpet Area"
3 BHK Residential Apartment in J.P Nagar,"3 BHK
3 Baths","₹ 60 Lac
₹ 3,750/sq.ft.","1,600 sq.ft.
(149 sq.m.) Carpet Area"
6 Bedroom Independent House in SBM COLONY UDAYAGIRI MYSORE,"6 BHK
5 Baths","₹ 80 Lac
₹ 6,666/sq.ft.","1,200 sq.ft.
(111 sq.m.) Plot Area"
2 BHK Independent Builder Floor in Kalyanagiri,"2 BHK
2 Baths","₹ 55 Lac
₹ 4,583/sq.ft.","1,200 sq.ft.
(111 sq.m.) Built-up Area"
2 Bedroom Independent House in Kalyanagiri,"2 BHK
2 Baths","₹ 55 Lac
₹ 9,166/sq.ft.","600 sq.ft.
(56 sq.m.) Plot Area"
2 BHK Residential Apartment in Yadavagiri,"2 BHK
2 Baths","₹ 78 Lac
₹ 6,695/sq.ft.","1,165 sq.ft.
(108 sq.m.) Built-up Area"
3 BHK Independent Builder Floor in 3rd stage Vijaynagar,"3 BHK
3 Baths","₹ 75 Lac
₹ 5,555/sq.ft.","1,350 sq.ft.
(125 sq.m.) Built-up Area"
7 BHK Residential Apartment in KC Layout,"7 BHK
12 Baths","₹ 3.3 Cr
₹ 4,400/sq.ft.","7,500 sq.ft.
(697 sq.m.) Super built-up Area"
4 BHK Residential Apartment in Srirampura,"4 BHK
4 Baths","₹ 60.6 Lac
₹ 2,778/sq.ft.","2,181 sq.ft.
(203 sq.m.) Carpet Area"
4 Bedroom Independent House in kushalangar,"4 BHK
3 Baths","₹ 62 Lac
₹ 2,952/sq.ft.","2,100 sq.ft.
(195 sq.m.) Plot Area"
3 BHK Independent Builder Floor in Belavadi,"3 BHK
2 Baths","₹ 54 Lac
₹ 19,285/sq.ft.","280 sq.ft.
(26 sq.m.) Carpet Area"
4 Bedroom Independent House in Hootagalli,"4 BHK
4 Baths","₹ 1.5 Cr
₹ 3,571/sq.ft.","4,250 sq.ft.
(395 sq.m.) Plot Area"
6 Bedroom Independent House in Vidyashankara Layout,"6 BHK
5 Baths","₹ 4.5 Cr
₹ 76,923/sq.ft.","585 sq.ft.
(54 sq.m.) Plot Area"
7 Bedroom Independent House in Lashkar Mohalla,"7 BHK
4 Baths","₹ 1 Cr
₹ 9,523/sq.ft.","1,050 sq.ft.
(98 sq.m.) Plot Area"
,,,
2 Bedroom Independent House in Kesare,"2 BHK
1 Bath","₹ 95 Lac
₹ 4,750/sq.ft.","2,000 sq.ft.
(186 sq.m.) Plot Area"
2 BHK Residential Apartment in Bogadi,"2 BHK
2 Baths","₹ 46 Lac
₹ 5,169/sq.ft.","890 sq.ft.
(83 sq.m.) Super built-up Area"
2 BHK Residential Apartment in Lakshmipuram,"2 BHK
2 Baths","₹ 56 Lac
₹ 6,706/sq.ft.","835 sq.ft.
(78 sq.m.) Super built-up Area"
2 BHK Residential Apartment in Srirampura,"2 BHK
2 Baths","₹ 72 Lac
₹ 6,557/sq.ft.","1,098 sq.ft.
(102 sq.m.) Carpet Area"
3 Bedroom Independent House in Hulikere,"3 BHK
3 Baths","₹ 73 Lac
₹ 8,111/sq.ft.","900 sq.ft.
(84 sq.m.) Plot Area"
3 Bedroom Independent House in Gayathripuram,"3 BHK
3 Baths","₹ 1.65 Cr
₹ 8,250/sq.ft.","2,000 sq.ft.
(186 sq.m.) Plot Area"
3 BHK Independent Builder Floor in Yelwala,"3 BHK
2 Baths","₹ 54 Lac
₹ 4,153/sq.ft.","1,300 sq.ft.
(121 sq.m.) Super built-up Area"
2 BHK Residential Apartment in Vijaynagar,"2 BHK
2 Baths","₹ 65 Lac
₹ 4,814/sq.ft.","1,350 sq.ft.
(125 sq.m.) Super built-up Area"
7 Bedroom Independent House in Jss Layout,"7 BHK
5 Baths","₹ 2.5 Cr
₹ 4,310/sq.ft.","2,400 sq.ft.
(223 sq.m.) Plot Area"
5 Bedroom Independent House in dwarakanagara,"5 BHK
3 Baths","₹ 1.3 Cr
₹ 10,833/sq.ft.","1,200 sq.ft.
(111 sq.m.) Plot Area"
2 Bedroom Independent House in Shetty halli Road,"2 BHK
1 Bath","₹ 1.25 Cr
₹ 6,250/sq.ft.","2,000 sq.ft.
(186 sq.m.) Plot Area"
5 BHK Independent Builder Floor in Rajivnagar,"5 BHK
4 Baths","₹ 1.95 Cr
₹ 9,750/sq.ft.","2,000 sq.ft.
(186 sq.m.) Carpet Area"
1 BHK Residential Apartment in Jayalakshmipuram,"1 BHK
1 Bath","₹ 52 Lac
₹ 7,222/sq.ft.","720 sq.ft.
(67 sq.m.) Super built-up Area"
1 BHK Residential Apartment in Jayalakshmipuram,"1 BHK
1 Bath","₹ 46 Lac
₹ 7,222/sq.ft.","720 sq.ft.
(67 sq.m.) Super built-up Area"
2 Bedroom Independent House in Karunapuram,"2 BHK
2 Baths","₹ 1.56 Cr
₹ 6,500/sq.ft.","2,400 sq.ft.
(223 sq.m.) Plot Area"
5 Bedroom Independent House in nr mohalla,"5 BHK
5 Baths","₹ 7.22 Cr
₹ 4,998/sq.ft.","14,445 sq.ft.
(1342 sq.m.) Plot Area"
3 BHK Residential Apartment in Vishweshwara Nagar,"3 BHK
2 Baths","₹ 99.99 Lac
₹ 6,060/sq.ft.","1,650 sq.ft.
(153 sq.m.) Super built-up Area"
3 Bedroom Independent House in Subhash Nagar,"3 BHK
3 Baths","₹ 1.2 Cr
₹ 6,666/sq.ft.","1,800 sq.ft.
(167 sq.m.) Built-up Area"
3 Bedroom Independent House in Nanjangud,"3 BHK
2 Baths","₹ 68 Lac
₹ 5,833/sq.ft.","1,200 sq.ft.
(111 sq.m.) Plot Area"
3 Bedroom Independent House in Agrahara,"3 BHK
2 Baths","₹ 2.5 Cr
₹ 16,666/sq.ft.","1,500 sq.ft.
(139 sq.m.) Built-up Area"
2 BHK Independent Builder Floor in 4th Stage Vijayanagar,"2 BHK
2 Baths","₹ 70 Lac
₹ 8,750/sq.ft.","800 sq.ft.
(74 sq.m.) Carpet Area"
3 BHK Independent Builder Floor in Chamundeshwari Railway Layout,"3 BHK
3 Baths","₹ 1.05 Cr
₹ 4,375/sq.ft.","2,400 sq.ft.
(223 sq.m.) Super built-up Area"
4 BHK Independent Builder Floor in Zuari Garden City,"4 BHK
4 Baths","₹ 1.4 Cr
₹ 4,334/sq.ft.","3,230 sq.ft.
(300 sq.m.) Carpet Area"
2 BHK Residential Apartment in Bunnymantap,"2 BHK
2 Baths","₹ 48 Lac
₹ 6,000/sq.ft.","800 sq.ft.
(74 sq.m.) Carpet Area"
3 Bedroom Independent House in Hampapura,"3 BHK
3 Baths","₹ 70 Lac
₹ 5,833/sq.ft.","1,200 sq.ft.
(111 sq.m.) Plot Area"
,,,
3 Bedroom Independent House in Tirumakudalu Narasipura,"3 BHK
2 Baths","₹ 50 Lac
₹ 3,333/sq.ft.","1,500 sq.ft.
(139 sq.m.) Plot Area"
2 BHK Residential Apartment in Allanahalli Layout,"2 BHK
2 Baths","₹ 78 Lac
₹ 5,571/sq.ft.","1,400 sq.ft.
(130 sq.m.) Super built-up Area"
2 BHK Independent Builder Floor in Vijayanagar,"2 BHK
2 Baths","₹ 95 Lac
₹ 11,875/sq.ft.","800 sq.ft.
(74 sq.m.) Built-up Area"
4 BHK Independent Builder Floor in Allanahalli Layout,"4 BHK
4 Baths","₹ 95 Lac
₹ 791,666/sq.ft.","12 sq.ft.
(1 sq.m.) Super built-up Area"
1 BHK Independent Builder Floor in Mandi Mohalla,"1 BHK
1 Bath","₹ 98.85 Lac
₹ 189,440/sq.ft.","52 sq.ft.
(5 sq.m.) Super built-up Area"
3 BHK Independent Builder Floor in Vidyaranyapuram,"3 BHK
1 Bath","₹ 1.5 Cr
₹ 882,352/sq.ft.","17 sq.ft.
(2 sq.m.) Super built-up Area"
5 BHK Residential Apartment in J.P Nagar,"5 BHK
4 Baths","₹ 1.3 Cr
₹ 5,078/sq.ft.","2,560 sq.ft.
(238 sq.m.) Carpet Area"
4 Bedroom Independent House in Kalyanagiri,"4 BHK
5 Baths","₹ 1.35 Cr
₹ 6,250/sq.ft.","2,160 sq.ft.
(201 sq.m.) Plot Area"
7 Bedroom Independent House in Vijayanagar,"7 BHK
7 Baths","₹ 2.2 Cr
₹ 15,714/sq.ft.","1,400 sq.ft.
(130 sq.m.) Plot Area"
2 BHK Independent Builder Floor in Lakshmikanthnagar,"2 BHK
1 Bath","₹ 47 Lac
₹ 7,833/sq.ft.","600 sq.ft.
(56 sq.m.) Super built-up Area"
8 Bedroom Independent House in Krishnarajasagara,"8 BHK
4 Baths","₹ 75.5 Lac
₹ 6,291/sq.ft.","1,200 sq.ft.
(111 sq.m.) Plot Area"
3 BHK Independent Builder Floor in Srinagara,"3 BHK
3 Baths","₹ 1 Cr
₹ 4,301/sq.ft.","2,325 sq.ft.
(216 sq.m.) Super built-up Area"
2 Bedroom Independent House in Hebbal,"2 BHK
2 Baths","₹ 12 Lac
₹ 1,000/sq.ft.","1,200 sq.ft.
(111 sq.m.) Plot Area"
1 Bedroom Independent House in J.P Nagar,"1 BHK
1 Bath","₹ 85.2 Lac
₹ 3,550/sq.ft.","2,400 sq.ft.
(223 sq.m.) Plot Area"
2 Bedroom Independent House in Kanakadasa Nagar,"2 BHK
1 Bath","₹ 55 Lac
₹ 8,334/sq.ft.","660 sq.ft.
(61 sq.m.) Plot Area"
3 Bedroom Independent House in Dattagalli,"3 BHK
3 Baths","₹ 1.06 Cr
₹ 4,608/sq.ft.","2,300 sq.ft.
(214 sq.m.) Built-up Area"
5 Bedroom Independent House in Rajiv Nagar,"5 BHK
4 Baths","₹ 1.25 Cr
₹ 10,417/sq.ft.","1,200 sq.ft.
(111 sq.m.) Plot Area"
3 Bedroom Independent House in Sardar Vallabh Bhai Patel Nagar,"3 BHK
4 Baths","₹ 95 Lac
₹ 7,916/sq.ft.","1,200 sq.ft.
(111 sq.m.) Plot Area"
3 BHK Independent Builder Floor in 1st Stage Vijayanagar,"3 BHK
3 Baths","₹ 30,000
₹ 1/sq.ft.","22,000 sq.ft.
(2044 sq.m.) Carpet Area"
4 Bedroom Independent House in Kuvempunagar,"4 BHK
5 Baths","₹ 4 Cr
₹ 5,555/sq.ft.","7,200 sq.ft.
(669 sq.m.) Plot Area"
2 BHK Independent Builder Floor in Rajiv Nagar,"2 BHK
3 Baths","₹ 53 Lac
₹ 5/sq.ft.","1,076,391 sq.ft.
(100000 sq.m.) Super built-up Area"
Independent Builder Floor in Ittige Gudu,3 Baths,"₹ 15 Lac
₹ 3,750/sq.ft.","400 sq.ft.
(37 sq.m.) Carpet Area"
3 BHK Residential Apartment in Hebbal,"3 BHK
3 Baths","₹ 77 Lac
₹ 4,377/sq.ft.","1,759 sq.ft.
(163 sq.m.) Super built-up Area"
3 BHK Residential Apartment in Bogadi,"3 BHK
3 Baths","₹ 72 Lac
₹ 4,079/sq.ft.","1,765 sq.ft.
(164 sq.m.) Super built-up Area"
4 Bedroom Independent House in 4th Stage Vijayanagar,"4 BHK
4 Baths","₹ 1.35 Cr
₹ 8,438/sq.ft.","1,600 sq.ft.
(149 sq.m.) Plot Area"
,,,
4 BHK Independent Builder Floor in Sathgalli,"4 BHK
5 Baths","₹ 51 Lac
₹ 3,924/sq.ft.","1,300 sq.ft.
(121 sq.m.) Super built-up Area"
2 BHK Residential Apartment in 1st Stage Vijayanagar,"2 BHK
2 Baths","₹ 70 Lac
₹ 6,628/sq.ft.","1,056 sq.ft.
(98 sq.m.) Super built-up Area"
3 BHK Residential Apartment in J.P Nagar,"3 BHK
2 Baths","₹ 60 Lac
₹ 5,500/sq.ft.","1,100 sq.ft.
(102 sq.m.) Carpet Area"
3 BHK Residential Apartment in Bogadi,"3 BHK
3 Baths","₹ 65 Lac
₹ 4,333/sq.ft.","1,500 sq.ft.
(139 sq.m.) Super built-up Area"
3 Bedroom Independent House in Srirangapatna,"3 BHK
3 Baths","₹ 70 Lac
₹ 3,783/sq.ft.","1,850 sq.ft.
(172 sq.m.) Plot Area"
3 Bedroom Independent House in Hebbal 2nd Stage,"3 BHK
3 Baths","₹ 1.2 Cr
₹ 13,333/sq.ft.","900 sq.ft.
(84 sq.m.) Plot Area"
3 BHK Independent Builder Floor in Hebbal,"3 BHK
3 Baths","₹ 68 Lac
₹ 4,000/sq.ft.","1,700 sq.ft.
(158 sq.m.) Built-up Area"
3 Bedroom Independent House in Yelwala,"3 BHK
2 Baths","₹ 54 Lac
₹ 9,000/sq.ft.","600 sq.ft.
(56 sq.m.) Plot Area"
5 Bedroom Independent House in Sathgalli,"5 BHK
5 Baths","₹ 56 Lac
₹ 9,333/sq.ft.","600 sq.ft.
(56 sq.m.) Plot Area"
2 BHK Independent Builder Floor in Bogadi,"2 BHK
2 Baths","₹ 55 Lac
₹ 3,359/sq.ft.","1,637 sq.ft.
(152 sq.m.) Built-up Area"
2 Bedroom Independent House in N R Mohalla,"2 BHK
2 Baths","₹ 2 Cr
₹ 8,333/sq.ft.","2,400 sq.ft.
(223 sq.m.) Plot Area"
5 Bedroom Independent House in Sathagalli Layout,"5 BHK
5 Baths","₹ 2 Cr
₹ 8,333/sq.ft.","2,400 sq.ft.
(223 sq.m.) Plot Area"
1 Bedroom Independent House in Hulikere,"1 BHK
1 Bath","₹ 21 Lac
₹ 1,750/sq.ft.","1,200 sq.ft.
(111 sq.m.) Plot Area"
1 Bedroom Farm house in Kadakola,"1 BHK
1 Bath","₹ 1.9 Cr
₹ 1,173/sq.ft.","16,200 sq.ft.
(1505 sq.m.) Plot Area"
3 BHK Residential Apartment in Vidyaranyapuram,"3 BHK
3 Baths","₹ 85 Lac
₹ 4,548/sq.ft.","1,869 sq.ft.
(174 sq.m.) Built-up Area"
5 Bedroom Independent House in 4th Stage Vijayanagar,"5 BHK
4 Baths","₹ 78 Lac
₹ 13,000/sq.ft.","600 sq.ft.
(56 sq.m.) Plot Area"
5 Bedroom Independent House in 4th Stage Vijayanagar,"5 BHK
4 Baths","₹ 78 Lac
₹ 13,000/sq.ft.","600 sq.ft.
(56 sq.m.) Plot Area"
2 BHK Independent Builder Floor in Rajiv Nagar,"2 BHK
1 Bath","₹ 35 Lac
₹ 5,833/sq.ft.","600 sq.ft.
(56 sq.m.) Super built-up Area"
2 BHK Residential Apartment in Hebbal,"2 BHK
2 Baths","₹ 60 Lac
₹ 5,489/sq.ft.","1,093 sq.ft.
(102 sq.m.) Carpet Area"
7 Bedroom Independent House in 2nd Stage Vijaynagar,"7 BHK
8 Baths","₹ 2.25 Cr
₹ 5,625/sq.ft.","4,000 sq.ft.
(372 sq.m.) Built-up Area"
3 Bedroom Independent House in Hootagalli,"3 BHK
2 Baths","₹ 1.2 Cr
₹ 6,250/sq.ft.","2,000 sq.ft.
(186 sq.m.) Built-up Area"
2 BHK Residential Apartment in Vishweshwara Nagar,"2 BHK
2 Baths","₹ 55 Lac
₹ 4,584/sq.ft.","1,200 sq.ft.
(111 sq.m.) Carpet Area"
2 BHK Residential Apartment in Mysore,"2 BHK
2 Baths","₹ 55 Lac
₹ 4,489/sq.ft.","1,225 sq.ft.
(114 sq.m.) Carpet Area"
5 Bedroom Independent House in Srirampura,"5 BHK
3 Baths","₹ 1.29 Cr
₹ 10,750/sq.ft.","1,200 sq.ft.
(111 sq.m.) Plot Area"
3 Bedroom Independent House in 4th Stage Vijayanagar,"3 BHK
3 Baths","₹ 1.6 Cr
₹ 12,588/sq.ft.","1,271 sq.ft.
(118 sq.m.) Plot Area"
,,,
1 Bedroom Independent House in Nazarbhad,"1 BHK
1 Bath","₹ 33 Lac
₹ 70,212/sq.ft.","47 sq.ft.
(4 sq.m.) Plot Area"
5 Bedroom Independent House in Dattagalli 3rd Stage,"5 BHK
7 Baths","₹ 2.75 Cr
₹ 11,666/sq.ft.","2,400 sq.ft.
(223 sq.m.) Plot Area"
3 Bedroom Independent House in MG Road,"3 BHK
2 Baths","₹ 2.5 Cr
₹ 16,666/sq.ft.","1,500 sq.ft.
(139 sq.m.) Plot Area"
12 Bedroom Independent House in 4th Stage Vijayanagar,"12 BHK
9 Baths","₹ 2 Cr
₹ 8,333/sq.ft.","2,400 sq.ft.
(223 sq.m.) Plot Area"
2 BHK Residential Apartment in J.P Nagar,"2 BHK
2 Baths","₹ 55 Lac
₹ 6,043/sq.ft.","910 sq.ft.
(85 sq.m.) Super built-up Area"
3 Bedroom Independent House in Jayapura,"3 BHK
3 Baths","₹ 3.3 Cr
₹ 1,033/sq.ft.","32,670 sq.ft.
(3035 sq.m.) Plot Area"
5 Bedroom Independent House in rajunagar 1st stage,"5 BHK
3 Baths","₹ 55 Lac
₹ 9,166/sq.ft.","600 sq.ft.
(56 sq.m.) Plot Area"
"3 Bedroom Independent House in Railway Layout, Bogadi","3 BHK
4 Baths","₹ 1.95 Cr
₹ 8,125/sq.ft.","2,400 sq.ft.
(223 sq.m.) Plot Area"
4 Bedroom Independent House in Zuari Garden City,"4 BHK
4 Baths","₹ 1.4 Cr
₹ 6,481/sq.ft.","2,160 sq.ft.
(201 sq.m.) Plot Area"
1 Bedroom Independent House in Mandi Mohalla,"1 BHK
1 Bath","₹ 85 Lac
₹ 20,833/sq.ft.","408 sq.ft.
(38 sq.m.) Built-up Area"
2 Bedroom Independent House in 3rd Stage Vijayanagar,"2 BHK
2 Baths","₹ 2.5 Cr
₹ 20,833/sq.ft.","1,200 sq.ft.
(111 sq.m.) Plot Area"
4 Bedroom Independent House in Somanatha Nagar,"4 BHK
4 Baths","₹ 2.49 Cr
₹ 9,291/sq.ft.","2,680 sq.ft.
(249 sq.m.) Plot Area"
3 BHK Residential Apartment in Bogadi,"3 BHK
3 Baths","₹ 65 Lac
₹ 4,857/sq.ft.","1,400 sq.ft.
(130 sq.m.) Super built-up Area"
2 Bedroom Independent House in 4th Stage Vijayanagar,"2 BHK
2 Baths","₹ 1.1 Cr
₹ 8,461/sq.ft.","1,300 sq.ft.
(121 sq.m.) Plot Area"
2 BHK Independent Builder Floor in Hanchya,"2 BHK
1 Bath","₹ 55 Lac
₹ 17,032/sq.ft.","322 sq.ft.
(30 sq.m.) Super built-up Area"
3 BHK Independent Builder Floor in Bunnymantap,"3 BHK
2 Baths","₹ 1.4 Cr
₹ 10,370/sq.ft.","1,350 sq.ft.
(125 sq.m.) Built-up Area"
2 BHK Residential Apartment in J. P. Nagar,"2 BHK
2 Baths","₹ 48 Lac
₹ 3,729/sq.ft.","1,287 sq.ft.
(120 sq.m.) Super built-up Area"
2 BHK Independent Builder Floor in Rajiv Nagar,"2 BHK
1 Bath","₹ 90 Lac
₹ 6,000/sq.ft.","1,500 sq.ft.
(139 sq.m.) Super built-up Area"
7 Bedroom Independent House in V V Mohalla,"7 BHK
4 Baths","₹ 5 Cr
₹ 10,200/sq.ft.","6,087 sq.ft.
(566 sq.m.) Plot Area"
3 Bedroom Independent House in Near KRS,"3 BHK
3 Baths","₹ 75 Lac
₹ 3,943/sq.ft.","1,902 sq.ft.
(177 sq.m.) Plot Area"
2 BHK Residential Apartment in Sriramapura 2nd Stage,"2 BHK
2 Baths","₹ 72 Lac
₹ 6,557/sq.ft.","1,098 sq.ft.
(102 sq.m.) Super built-up Area"
2 Bedroom Independent House in Siddique Nagar,"2 BHK
1 Bath","₹ 1.25 Cr
₹ 5,208/sq.ft.","2,400 sq.ft.
(223 sq.m.) Plot Area"
2 BHK Independent Builder Floor in Vidyaranyapuram,"2 BHK
1 Bath","₹ 1 Cr
₹ 5,208/sq.ft.","1,920 sq.ft.
(178 sq.m.) Super built-up Area"
3 Bedroom Independent House in Kuntalpady,"3 BHK
5 Baths","₹ 1.3 Cr
₹ 6,500/sq.ft.","2,000 sq.ft.
(186 sq.m.) Plot Area"
3 BHK Independent Builder Floor in Vani Vilas Mohalla,"3 BHK
4 Baths","₹ 1.4 Cr
₹ 6,829/sq.ft.","2,050 sq.ft.
(190 sq.m.) Super built-up Area"
,,,
3 BHK Residential Apartment in gokulam 4th stage,"3 BHK
2 Baths","₹ 1 Cr
₹ 6,172/sq.ft.","1,620 sq.ft.
(151 sq.m.) Super built-up Area"
2 BHK Independent Builder Floor in janatha nagar,"2 BHK
2 Baths","₹ 1.2 Cr
₹ 6,153/sq.ft.","1,950 sq.ft.
(181 sq.m.) Super built-up Area"
2 BHK Residential Apartment in Chamundi Vihar Layout,"2 BHK
2 Baths","₹ 80 Lac
₹ 5,405/sq.ft.","1,480 sq.ft.
(138 sq.m.) Super built-up Area"
7 Bedroom Independent House in LASHKAR MOHALLA,"7 BHK
4 Baths","₹ 90 Lac
₹ 9,401/sq.ft.","1,170 sq.ft.
(109 sq.m.) Plot Area"
3 Bedroom Independent House in Kalyanagiri,"3 BHK
3 Baths","₹ 1.5 Cr
₹ 10,000/sq.ft.","1,500 sq.ft.
(139 sq.m.) Built-up Area"
4 Bedroom Independent House in Bettadpura,"4 BHK
2 Baths","₹ 3 Cr
₹ 44,444/sq.ft.","675 sq.ft.
(63 sq.m.) Built-up Area"
2 BHK Independent Builder Floor in Sri Chamundeshwari Railway Layout KRS ROAD,"2 BHK
2 Baths","₹ 64 Lac
₹ 5,333/sq.ft.","1,200 sq.ft.
(111 sq.m.) Built-up Area"
4 Bedroom Independent House in J.P Nagar,"4 BHK
4 Baths","₹ 1.1 Cr
₹ 9,166/sq.ft.","1,200 sq.ft.
(111 sq.m.) Plot Area"
2 BHK Independent Builder Floor in Hebbal,"2 BHK
2 Baths","₹ 75 Lac
₹ 8,152/sq.ft.","920 sq.ft.
(85 sq.m.) Carpet Area"
2 BHK Residential Apartment in 4th Stage Vijayanagar,"2 BHK
2 Baths","₹ 58 Lac
₹ 4,341/sq.ft.","1,336 sq.ft.
(124 sq.m.) Super built-up Area"
3 Bedroom Independent House in Sardar Vallabh Bhai Patel Nagar,"3 BHK
2 Baths","₹ 80 Lac
₹ 7,083/sq.ft.","1,200 sq.ft.
(111 sq.m.) Plot Area"
2 Bedroom Independent House in Jayanagar,"2 BHK
1 Bath","₹ 1 Cr
₹ 6,452/sq.ft.","1,550 sq.ft.
(144 sq.m.) Plot Area"
2 Bedroom Independent House in t narasipura road,"2 BHK
2 Baths","₹ 55 Lac
₹ 4,584/sq.ft.","1,200 sq.ft.
(111 sq.m.) Plot Area"
4 Bedroom Independent House in Bogadi,"4 BHK
3 Baths","₹ 1.2 Cr
₹ 10,327/sq.ft.","1,162 sq.ft.
(108 sq.m.) Plot Area"
2 Bedroom Independent House in Allanahalli,"2 BHK
1 Bath","₹ 20 Lac
₹ 4,000/sq.ft.","500 sq.ft.
(46 sq.m.) Plot Area"
1 Bedroom Farm house in Srirangapatna,"1 BHK
1 Bath","₹ 2 Cr
₹ 23/sq.ft.","87,120 sq.ft.
(8094 sq.m.) Plot Area"
2 Bedroom Independent House in Hanchya,"2 BHK
2 Baths","₹ 40 Lac
₹ 4,494/sq.ft.","890 sq.ft.
(83 sq.m.) Plot Area"
2 Bedroom Independent House in 4th Stage Vijayanagar,"2 BHK
3 Baths","₹ 1.15 Cr
₹ 4,791/sq.ft.","2,400 sq.ft.
(223 sq.m.) Plot Area"
3 Bedroom Independent House in SBM Bogadi,"3 BHK
3 Baths","₹ 1.35 Cr
₹ 6,137/sq.ft.","2,200 sq.ft.
(204 sq.m.) Plot Area"
2 Bedroom Independent House in Sathagalli Layout,"2 BHK
2 Baths","₹ 85 Lac
₹ 7,083/sq.ft.","1,200 sq.ft.
(111 sq.m.) Plot Area"
4 Bedroom Independent House in Udayagiri,"4 BHK
6 Baths","₹ 1.3 Cr
₹ 10,833/sq.ft.","1,200 sq.ft.
(111 sq.m.) Plot Area"
3 Bedroom Independent House in Chamarajapuram Mohalla,"3 BHK
2 Baths","₹ 50 Lac
₹ 12,500/sq.ft.","400 sq.ft.
(37 sq.m.) Plot Area"
2 BHK Residential Apartment in Yadavagiri,"2 BHK
2 Baths","₹ 68 Lac
₹ 7,555/sq.ft.","900 sq.ft.
(84 sq.m.) Super built-up Area"
3 BHK Residential Apartment in Yadavagiri,"3 BHK
3 Baths","₹ 78 Lac
₹ 6,000/sq.ft.","1,300 sq.ft.
(121 sq.m.) Carpet Area"
4 Bedroom Independent House in KRS Road,"4 BHK
3 Baths","₹ 75 Lac
₹ 6,295/sq.ft.","1,112 sq.ft.
(103 sq.m.) Plot Area"
,,,
3 Bedroom Independent House in Hulikere,"3 BHK
3 Baths","₹ 1.2 Cr
₹ 4,792/sq.ft.","2,400 sq.ft.
(223 sq.m.) Plot Area"
2 BHK Residential Apartment in Yadavagiri,"2 BHK
2 Baths","₹ 90 Lac
₹ 5,294/sq.ft.","1,700 sq.ft.
(158 sq.m.) Built-up Area"
2 Bedroom Farm house in Tirumakudalu Narasipura,"2 BHK
1 Bath","₹ 5 Cr
₹ 20,833/sq.ft.","2,400 sq.ft.
(223 sq.m.) Plot Area"
1 Bedroom Independent House in Hunsur,"1 BHK
1 Bath","₹ 15 Lac
₹ 2,307/sq.ft.","650 sq.ft.
(60 sq.m.) Plot Area"
4 Bedroom Independent House in Swimmingpool Road,"4 BHK
3 Baths","₹ 2.2 Cr
₹ 6,985/sq.ft.","3,150 sq.ft.
(293 sq.m.) Plot Area"
3 Bedroom Independent House in Hebbal,"3 BHK
3 Baths","₹ 1 Cr
₹ 8,333/sq.ft.","1,200 sq.ft.
(111 sq.m.) Plot Area"
2 Bedroom Independent House in Vidyaranyapuram,"2 BHK
2 Baths","₹ 2.1 Cr
₹ 6,720/sq.ft.","3,125 sq.ft.
(290 sq.m.) Plot Area"
2 Bedroom Independent House in Srinagara Layout,"2 BHK
2 Baths","₹ 75 Lac
₹ 5,769/sq.ft.","1,300 sq.ft.
(121 sq.m.) Plot Area"
3 Bedroom Independent House in Udayagiri,"3 BHK
3 Baths","₹ 50 Lac
₹ 4,033/sq.ft.","1,240 sq.ft.
(115 sq.m.) Plot Area"
2 Bedroom Independent House in Vasanth Nagar,"2 BHK
2 Baths","₹ 75 Lac
₹ 6,250/sq.ft.","1,200 sq.ft.
(111 sq.m.) Plot Area"
5 Bedroom Independent House in Vijayanagar,"5 BHK
2 Baths","₹ 95 Lac
₹ 7,916/sq.ft.","1,200 sq.ft.
(111 sq.m.) Plot Area"
3 BHK Residential Apartment in KRS Road,"3 BHK
2 Baths","₹ 70 Lac
₹ 4,307/sq.ft.","1,625 sq.ft.
(151 sq.m.) Super built-up Area"
2 Bedroom Independent House in Heggadadevankote,"2 BHK
1 Bath","₹ 37.5 Lac
₹ 1,000/sq.ft.","3,750 sq.ft.
(348 sq.m.) Plot Area"
4 Bedroom Independent House in Dattagalli 3rd Stage,"4 BHK
2 Baths","₹ 1.6 Cr
₹ 13,333/sq.ft.","1,200 sq.ft.
(111 sq.m.) Plot Area"
2 BHK Independent Builder Floor in Near madegowda circle mysore,"2 BHK
2 Baths","₹ 1.5 Lac
₹ 125/sq.ft.","1,200 sq.ft.
(111 sq.m.) Carpet Area"
2 Bedroom Independent House in RamaKrishna Nagar,"2 BHK
2 Baths","₹ 1.25 Cr
₹ 8,561/sq.ft.","1,460 sq.ft.
(136 sq.m.) Plot Area"
3 BHK Residential Apartment in J.P Nagar,"3 BHK
3 Baths","₹ 60 Lac
₹ 3,750/sq.ft.","1,600 sq.ft.
(149 sq.m.) Super built-up Area"
2 Bedroom Independent House in Teachers Layout,"2 BHK
2 Baths","₹ 62 Lac
₹ 8,857/sq.ft.","700 sq.ft.
(65 sq.m.) Built-up Area"
2 Bedroom Independent House in Nanjangud,"2 BHK
1 Bath","₹ 55 Lac
₹ 4,583/sq.ft.","1,200 sq.ft.
(111 sq.m.) Plot Area"
3 Bedroom Independent House in Hootagalli,"3 BHK
2 Baths","₹ 1.2 Cr
₹ 5,000/sq.ft.","2,400 sq.ft.
(223 sq.m.) Plot Area"
4 Bedroom Independent House in Sakthi Nagar,"4 BHK
5 Baths","₹ 85 Lac
₹ 7,084/sq.ft.","1,200 sq.ft.
(111 sq.m.) Plot Area"
5 Bedroom Independent House in 4th Stage Vijayanagar,"5 BHK
4 Baths","₹ 80 Lac
₹ 4,210/sq.ft.","1,900 sq.ft.
(177 sq.m.) Plot Area"
3 BHK Residential Apartment in Jayalakshmipuram,"3 BHK
2 Baths","₹ 88 Lac
₹ 5,633/sq.ft.","1,562 sq.ft.
(145 sq.m.) Carpet Area"
2 Bedroom Independent House in Diwans Road,"2 BHK
2 Baths","₹ 85 Lac
₹ 7,678/sq.ft.","1,107 sq.ft.
(103 sq.m.) Plot Area"
2 BHK Residential Apartment in Mysore,"2 BHK
2 Baths","₹ 32 Lac
₹ 4,266/sq.ft.","750 sq.ft.
(70 sq.m.) Carpet Area"
,,,
2 Bedroom Independent House in Udayagiri,"2 BHK
3 Baths","₹ 85 Lac
₹ 4,722/sq.ft.","1,800 sq.ft.
(167 sq.m.) Plot Area"
3 Bedroom Independent House in Near Pejawar mutt,"3 BHK
2 Baths","₹ 1.34 Cr
₹ 5,600/sq.ft.","2,400 sq.ft.
(223 sq.m.) Plot Area"
1 Bedroom Independent House in Sharadadevi Nagar,"1 BHK
1 Bath",Price on Request,"400 sq.ft.
(37 sq.m.) Plot Area"
2 Bedroom Independent House in Gayathripuram,"2 BHK
1 Bath","₹ 55 Lac
₹ 6,875/sq.ft.","800 sq.ft.
(74 sq.m.) Plot Area"
2 BHK Residential Apartment in KRS Road,"2 BHK
2 Baths","₹ 79 Lac
₹ 6,365/sq.ft.","1,241 sq.ft.
(115 sq.m.) Super built-up Area"
3 Bedroom Independent House in Somanatha Nagar,"3 BHK
3 Baths","₹ 1.1 Cr
₹ 9,166/sq.ft.","1,200 sq.ft.
(111 sq.m.) Plot Area"
3 Bedroom Independent House in Vasant nagar,"3 BHK
3 Baths","₹ 80 Lac
₹ 6,666/sq.ft.","1,200 sq.ft.
(111 sq.m.) Plot Area"
5 Bedroom Independent House in Behind kuvempunagar depot,"5 BHK
4 Baths","₹ 74 Lac
₹ 4,625/sq.ft.","1,600 sq.ft.
(149 sq.m.) Plot Area"
4 Bedroom Independent House in Rajiv Nagar,"4 BHK
2 Baths","₹ 49 Lac
₹ 8,166/sq.ft.","600 sq.ft.
(56 sq.m.) Plot Area"
3 Bedroom Independent House in Roopanagar,"3 BHK
4 Baths","₹ 1.76 Cr
₹ 4,500/sq.ft.","4,000 sq.ft.
(372 sq.m.) Plot Area"
2 Bedroom Independent House in RS Naidu Nagar,"2 BHK
1 Bath","₹ 45 Lac
₹ 7,500/sq.ft.","600 sq.ft.
(56 sq.m.) Plot Area"
2 BHK Independent Builder Floor in Kuvempunagar,"2 BHK
1 Bath","₹ 70 Lac
₹ 583,333/sq.ft.","12 sq.ft.
(1 sq.m.) Super built-up Area"
2 Bedroom Independent House in Rajiv Nagar,"2 BHK
2 Baths","₹ 38 Lac
₹ 8,796/sq.ft.","432 sq.ft.
(40 sq.m.) Plot Area"
5 Bedroom Independent House in Vijayanagar,"5 BHK
5 Baths","₹ 5.5 Cr
₹ 9,482/sq.ft.","5,800 sq.ft.
(539 sq.m.) Plot Area"
2 Bedroom Independent House in Chamarajapuram Mohalla,"2 BHK
2 Baths","₹ 85 Lac
₹ 7,264/sq.ft.","1,170 sq.ft.
(109 sq.m.) Plot Area"
4 Bedroom Independent House in Vijayanagar,"4 BHK
2 Baths","₹ 53 Lac
₹ 8,834/sq.ft.","600 sq.ft.
(56 sq.m.) Plot Area"
1 Bedroom Independent House in Mysore,"1 BHK
1 Bath","₹ 37 Lac
₹ 6,166/sq.ft.","600 sq.ft.
(56 sq.m.) Plot Area"
4 Bedroom Independent House in Sathagalli Layout,"4 BHK
4 Baths","₹ 65 Lac
₹ 3,611/sq.ft.","1,800 sq.ft.
(167 sq.m.) Built-up Area"
2 BHK Residential Apartment in Jayanagar,"2 BHK
2 Baths","₹ 65 Lac
₹ 6,435/sq.ft.","1,010 sq.ft.
(94 sq.m.) Super built-up Area"
4 Bedroom Independent House in Beratena Agrahara,"4 BHK
2 Baths","₹ 95 Lac
₹ 6,129/sq.ft.","1,550 sq.ft.
(144 sq.m.) Plot Area"
4 Bedroom Independent House in Prashanthanagar,"4 BHK
4 Baths","₹ 1.45 Cr
₹ 8,055/sq.ft.","1,800 sq.ft.
(167 sq.m.) Plot Area"
2 Bedroom Independent House in Kalyanagiri,"2 BHK
2 Baths","₹ 45 Lac
₹ 4,090/sq.ft.","1,100 sq.ft.
(102 sq.m.) Plot Area"
3 Bedroom Independent House in Srirangapatnam,"3 BHK
3 Baths","₹ 1.25 Cr
₹ 3,764/sq.ft.","3,321 sq.ft.
(309 sq.m.) Built-up Area"
2 Bedroom Independent House in 4th Stage Vijayanagar,"2 BHK
1 Bath","₹ 54 Lac
₹ 8,181/sq.ft.","660 sq.ft.
(61 sq.m.) Plot Area"
2 BHK Residential Apartment in Dattagalli,"2 BHK
2 Baths","₹ 90 Lac
₹ 5,400/sq.ft.","1,647 sq.ft.
(153 sq.m.) Super built-up Area"
,,,
4 Bedroom Independent House in Udayagiri,"4 BHK
4 Baths","₹ 58 Lac
₹ 7,733/sq.ft.","750 sq.ft.
(70 sq.m.) Built-up Area"
3 BHK Residential Apartment in Bogadi,"3 BHK
3 Baths","₹ 68 Lac
₹ 3,860/sq.ft.","1,710 sq.ft.
(159 sq.m.) Built-up Area"
2 BHK Residential Apartment in OFF KALIDASA ROAD,"2 BHK
2 Baths","₹ 75 Lac
₹ 6,437/sq.ft.","1,165 sq.ft.
(108 sq.m.) Carpet Area"
8 BHK Residential Apartment in Sathagalli Layout,"8 BHK
8 Baths","₹ 1.9 Cr
₹ 4,523/sq.ft.","4,200 sq.ft.
(390 sq.m.) Carpet Area"
3 BHK Residential Apartment in Yadavagiri,"3 BHK
3 Baths","₹ 1.1 Cr
₹ 6,727/sq.ft.","1,635 sq.ft.
(152 sq.m.) Carpet Area"
5 Bedroom Independent House in nr mohalla,"5 BHK
5 Baths","₹ 72.22 Lac
₹ 499/sq.ft.","14,447 sq.ft.
(1342 sq.m.) Plot Area"
2 BHK Residential Apartment in Bunnymantap,"2 BHK
2 Baths","₹ 45 Lac
₹ 4,545/sq.ft.","990 sq.ft.
(92 sq.m.) Super built-up Area"
"4 Bedroom Independent House in Siddhartha Layout,vidya nagara, Mysore","4 BHK
4 Baths","₹ 66 Lac
₹ 5,500/sq.ft.","1,200 sq.ft.
(111 sq.m.) Plot Area"
2 Bedroom Farm house in Naganahalli,"2 BHK
2 Baths","₹ 3 Cr
₹ 172/sq.ft.","174,240 sq.ft.
(16187 sq.m.) Plot Area"
3 BHK Residential Apartment in Yadavgiri,"3 BHK
3 Baths","₹ 95 Lac
₹ 5,737/sq.ft.","1,656 sq.ft.
(154 sq.m.) Built-up Area"
3 BHK Residential Apartment in J.P Nagar,"3 BHK
3 Baths","₹ 90 Lac
₹ 4,500/sq.ft.","2,000 sq.ft.
(186 sq.m.) Built-up Area"
3 BHK Independent Builder Floor in N R Mohalla,"3 BHK
2 Baths","₹ 95.5 Lac
₹ 5,333/sq.ft.","1,650 sq.ft.
(153 sq.m.) Built-up Area"
2 BHK Independent Builder Floor in Hebbal,"2 BHK
1 Bath","₹ 58 Lac
₹ 6,304/sq.ft.","920 sq.ft.
(85 sq.m.) Carpet Area"
2 Bedroom Independent House in Vijayanagar,"2 BHK
4 Baths","₹ 1.75 Cr
₹ 8,750/sq.ft.","2,000 sq.ft.
(186 sq.m.) Plot Area"
2 BHK Independent Builder Floor in 4th Stage Vijayanagar,"2 BHK
2 Baths","₹ 55 Lac
₹ 9,166/sq.ft.","600 sq.ft.
(56 sq.m.) Super built-up Area"
2 Bedroom Independent House in RS Naidu Nagar,"2 BHK
2 Baths","₹ 87 Lac
₹ 5,800/sq.ft.","1,500 sq.ft.
(139 sq.m.) Plot Area"
3 BHK Independent Builder Floor in Chamarajapuram Mohalla,"3 BHK
2 Baths","₹ 93.75 Lac
₹ 7,500/sq.ft.","1,250 sq.ft.
(116 sq.m.) Carpet Area"
3 Bedroom Independent House in Devaraja Mohalla,"3 BHK
3 Baths","₹ 65 Lac
₹ 6,500/sq.ft.","1,000 sq.ft.
(93 sq.m.) Plot Area"
3 BHK Independent Builder Floor in Near Court,"3 BHK
2 Baths","₹ 84.5 Lac
₹ 6,500/sq.ft.","1,300 sq.ft.
(121 sq.m.) Carpet Area"
3 Bedroom Independent House in Sriramapura 2nd Stage,"3 BHK
3 Baths","₹ 53 Lac
₹ 8,833/sq.ft.","600 sq.ft.
(56 sq.m.) Plot Area"
"3 Bedroom Independent House in Vijayanagar 4th Stage, Mysore","3 BHK
2 Baths","₹ 1.5 Cr
₹ 6,250/sq.ft.","2,400 sq.ft.
(223 sq.m.) Built-up Area"
3 Bedroom Independent House in Kuvempunagar,"3 BHK
2 Baths","₹ 58 Lac
₹ 9,666/sq.ft.","600 sq.ft.
(56 sq.m.) Plot Area"
3 Bedroom Independent House in Srirampura,"3 BHK
2 Baths","₹ 92 Lac
₹ 8,363/sq.ft.","1,100 sq.ft.
(102 sq.m.) Plot Area"
2 Bedroom Independent House in Shakthi Nagar,"2 BHK
2 Baths","₹ 65 Lac
₹ 4,333/sq.ft.","1,500 sq.ft.
(139 sq.m.) Plot Area"
3 Bedroom Independent House in K R nagara town,"3 BHK
2 Baths","₹ 40 Lac
₹ 2,666/sq.ft.","1,500 sq.ft.
(139 sq.m.) Carpet Area"
,,,
2 Bedroom Independent House in Rajiv Nagar,"2 BHK
2 Baths","₹ 45 Lac
₹ 3,461/sq.ft.","1,300 sq.ft.
(121 sq.m.) Built-up Area"
3 Bedroom Independent House in Krishnarajanagara,"3 BHK
2 Baths","₹ 40 Lac
₹ 3,333/sq.ft.","1,200 sq.ft.
(111 sq.m.) Plot Area"
2 Bedroom Independent House in Vishweshwara Nagar,"2 BHK
2 Baths","₹ 1.2 Cr
₹ 6,000/sq.ft.","2,400 sq.ft.
(223 sq.m.) Plot Area"
6 Bedroom Independent House in Sriramapura 2nd Stage,"6 BHK
5 Baths","₹ 1.8 Cr
₹ 7,500/sq.ft.","2,400 sq.ft.
(223 sq.m.) Plot Area"
3 Bedroom Independent House in Nazarbhad,"3 BHK
2 Baths","₹ 95 Lac
₹ 12,768/sq.ft.","744 sq.ft.
(69 sq.m.) Plot Area"
3 Bedroom Independent House in Railway Layout,"3 BHK
3 Baths","₹ 58 Lac
₹ 8,923/sq.ft.","650 sq.ft.
(60 sq.m.) Plot Area"
4 Bedroom Independent House in vijaynagar 3rd stage,"4 BHK
5 Baths","₹ 3.6 Cr
₹ 13,432/sq.ft.","2,680 sq.ft.
(249 sq.m.) Plot Area"
4 Bedroom Independent House in Hebbal,"4 BHK
3 Baths","₹ 95 Lac
₹ 6,333/sq.ft.","1,500 sq.ft.
(139 sq.m.) Plot Area"
2 BHK Residential Apartment in A.S Rao Nagar,"2 BHK
2 Baths","₹ 48 Lac
₹ 6,000/sq.ft.","800 sq.ft.
(74 sq.m.) Super built-up Area"
4 Bedroom Independent House in 4th Mai,"4 BHK
2 Baths","₹ 70 Lac
₹ 5,000/sq.ft.","1,400 sq.ft.
(130 sq.m.) Built-up Area"
3 Bedroom Independent House in Kanakadasanagar,"3 BHK
3 Baths","₹ 1 Cr
₹ 8,333/sq.ft.","1,200 sq.ft.
(111 sq.m.) Plot Area"
7 BHK Independent Builder Floor in 2nd Stage Vijaynagar,"7 BHK
6 Baths","₹ 4.5 Cr
₹ 6,617/sq.ft.","6,800 sq.ft.
(632 sq.m.) Super built-up Area"
1 BHK Residential Apartment in Vidyaranyapuram,"1 BHK
1 Bath","₹ 38 Lac
₹ 4,567/sq.ft.","855 sq.ft.
(79 sq.m.) Super built-up Area"
4 Bedroom Independent House in J p Nagar D Block,"4 BHK
2 Baths","₹ 1.2 Cr
₹ 10,000/sq.ft.","1,200 sq.ft.
(111 sq.m.) Plot Area"
2 Bedroom Independent House in Belvadi,"2 BHK
1 Bath","₹ 85 Lac
₹ 3,541/sq.ft.","2,400 sq.ft.
(223 sq.m.) Built-up Area"
2 BHK Independent Builder Floor in Near Hinkal,"2 BHK
1 Bath","₹ 35 Lac
₹ 5,833/sq.ft.","600 sq.ft.
(56 sq.m.) Super built-up Area"
2 Bedroom Independent House in Nanjangud,"2 BHK
2 Baths","₹ 75 Lac
₹ 5,000/sq.ft.","1,500 sq.ft.
(139 sq.m.) Plot Area"
2 BHK Residential Apartment in Lakshmipuram,"2 BHK
2 Baths","₹ 54.5 Lac
₹ 5,215/sq.ft.","1,045 sq.ft.
(97 sq.m.) Super built-up Area"
3 Bedroom Independent House in J.P Nagar,"3 BHK
3 Baths","₹ 1.25 Cr
₹ 10,416/sq.ft.","1,200 sq.ft.
(111 sq.m.) Plot Area"
2 Bedroom Independent House in University Layout,"2 BHK
2 Baths","₹ 45 Lac
₹ 10,000/sq.ft.","450 sq.ft.
(42 sq.m.) Plot Area"
2 Bedroom Independent House in N R Mohalla,"2 BHK
1 Bath","₹ 2 Cr
₹ 5,333/sq.ft.","3,750 sq.ft.
(348 sq.m.) Plot Area"
3 BHK Residential Apartment in Yadavagiri,"3 BHK
3 Baths","₹ 1.18 Cr
₹ 6,051/sq.ft.","1,950 sq.ft.
(181 sq.m.) Super built-up Area"
2 Bedroom Independent House in Vidyaranyapuram,"2 BHK
2 Baths","₹ 1.3 Cr
₹ 586/sq.ft.","22,173 sq.ft.
(2060 sq.m.) Plot Area"
3 Bedroom Independent House in 4th Stage Vijayanagar,"3 BHK
2 Baths","₹ 82 Lac
₹ 14,624/sq.ft.","581 sq.ft.
(54 sq.m.) Plot Area"
2 Bedroom Independent House in biddel,"2 BHK
1 Bath","₹ 35 Lac
₹ 1,148/sq.ft.","3,049 sq.ft.
(283 sq.m.) Plot Area"
,,,
3 BHK Residential Apartment in Vontikoppal,"3 BHK
3 Baths","₹ 95 Lac
₹ 6,493/sq.ft.","1,463 sq.ft.
(136 sq.m.) Super built-up Area"
5 Bedroom Independent House in Vijaynagar,"5 BHK
3 Baths","₹ 1.3 Cr
₹ 3,939/sq.ft.","3,300 sq.ft.
(307 sq.m.) Plot Area"
3 Bedroom Independent House in Vidyarayanapuram,"3 BHK
2 Baths","₹ 70 Lac
₹ 9,589/sq.ft.","730 sq.ft.
(68 sq.m.) Plot Area"
2 Bedroom Independent House in Kalyanagiri,"2 BHK
1 Bath","₹ 68 Lac
₹ 5,666/sq.ft.","1,200 sq.ft.
(111 sq.m.) Plot Area"
2 BHK Independent Builder Floor in Pandavapura,"2 BHK
2 Baths","₹ 56 Lac
₹ 4,666/sq.ft.","1,200 sq.ft.
(111 sq.m.) Built-up Area"
3 BHK Residential Apartment in Bogadi,"3 BHK
3 Baths","₹ 67 Lac
₹ 4,785/sq.ft.","1,400 sq.ft.
(130 sq.m.) Super built-up Area"
2 Bedroom Independent House in Kalyanagiri,"2 BHK
1 Bath","₹ 70 Lac
₹ 11,666/sq.ft.","600 sq.ft.
(56 sq.m.) Plot Area"
3 Bedroom Independent House in 4th Stage Vijayanagar,"3 BHK
4 Baths","₹ 1.15 Cr
₹ 10,416/sq.ft.","1,200 sq.ft.
(111 sq.m.) Plot Area"
2 BHK Independent Builder Floor in Yaraganahalli,"2 BHK
1 Bath","₹ 65 Lac
₹ 10,317/sq.ft.","630 sq.ft.
(59 sq.m.) Super built-up Area"
5 Bedroom Independent House in Hebbal,"5 BHK
3 Baths","₹ 90 Lac
₹ 15,000/sq.ft.","600 sq.ft.
(56 sq.m.) Plot Area"
2 BHK Independent Builder Floor in RS Naidu Nagar,"2 BHK
1 Bath","₹ 58 Lac
₹ 9,666/sq.ft.","600 sq.ft.
(56 sq.m.) Carpet Area"
4 Bedroom Independent House in R.S.Naidu Nagar,"4 BHK
4 Baths","₹ 49 Lac
₹ 8,166/sq.ft.","600 sq.ft.
(56 sq.m.) Plot Area"
2 Bedroom Independent House in 2nd Stage BEML Layout,"2 BHK
2 Baths","₹ 77 Lac
₹ 6,666/sq.ft.","1,200 sq.ft.
(111 sq.m.) Plot Area"
4 Bedroom Independent House in Bannimantap,"4 BHK
2 Baths","₹ 1.45 Cr
₹ 8,056/sq.ft.","1,800 sq.ft.
(167 sq.m.) Plot Area"
3 BHK Residential Apartment in J.P Nagar,"3 BHK
3 Baths","₹ 85 Lac
₹ 4,250/sq.ft.","2,000 sq.ft.
(186 sq.m.) Super built-up Area"
3 Bedroom Independent House in Srinagar,"3 BHK
3 Baths","₹ 1 Cr
₹ 7,408/sq.ft.","1,350 sq.ft.
(125 sq.m.) Plot Area"
2 Bedroom Independent House in Bherya,"2 BHK
2 Baths","₹ 1.75 Cr
₹ 1,607/sq.ft.","10,889 sq.ft.
(1012 sq.m.) Plot Area"
2 BHK Residential Apartment in NRI layout,"2 BHK
2 Baths","₹ 42 Lac
₹ 4,719/sq.ft.","890 sq.ft.
(83 sq.m.) Super built-up Area"
4 Bedroom Independent House in Sriramapura 2nd Stage,"4 BHK
4 Baths","₹ 3.33 Cr
₹ 11,250/sq.ft.","3,200 sq.ft.
(297 sq.m.) Plot Area"
3 Bedroom Independent House in Kuppedada,"3 BHK
3 Baths","₹ 55 - 87 Lac
₹ 3,857/sq.ft.","1,350-2,450 sq.ft.
(125-228 sq.m.) Built-up Area"
4 Bedroom Independent House in Kuppalur,"4 BHK
4 Baths","₹ 1.02 Cr
₹ 8,500/sq.ft.","1,200 sq.ft.
(111 sq.m.) Plot Area"
1 Bedroom Independent House in Mandi Mohalla,"1 BHK
1 Bath","₹ 37 Lac
₹ 5,000/sq.ft.","600 sq.ft.
(56 sq.m.) Plot Area"
2 Bedroom Independent House in shiva temple,"2 BHK
1 Bath","₹ 65 Lac
₹ 10,833/sq.ft.","600 sq.ft.
(56 sq.m.) Plot Area"
7 BHK Independent Builder Floor in Vontikoppal,"7 BHK
5 Baths","₹ 2.15 Cr
₹ 8,958/sq.ft.","2,400 sq.ft.
(223 sq.m.) Carpet Area"
3 BHK Residential Apartment in J.P Nagar,"3 BHK
2 Baths","₹ 60 Lac
₹ 5,405/sq.ft.","1,110 sq.ft.
(103 sq.m.) Super built-up Area"
,,,
3 BHK Residential Apartment in Vontikoppal,"3 BHK
3 Baths","₹ 85 Lac
₹ 5,809/sq.ft.","1,463 sq.ft.
(136 sq.m.) Built-up Area"
2 BHK Residential Apartment in Bannimantap,"2 BHK
2 Baths","₹ 45 Lac
₹ 4,285/sq.ft.","1,050 sq.ft.
(98 sq.m.) Built-up Area"
2 Bedroom Independent House in Rajarajeshwari Nagar,"2 BHK
2 Baths","₹ 1.3 Cr
₹ 4,695/sq.ft.","2,662 sq.ft.
(247 sq.m.) Plot Area"
2 Bedroom Independent House in Hebbal,"2 BHK
1 Bath","₹ 46 Lac
₹ 7,666/sq.ft.","600 sq.ft.
(56 sq.m.) Built-up Area"
5 Bedroom Independent House in 1st Stage Vijayanagar,"5 BHK
5 Baths","₹ 5.5 Cr
₹ 10,185/sq.ft.","5,400 sq.ft.
(502 sq.m.) Built-up Area"
3 Bedroom Independent House in Hulikere,"3 BHK
3 Baths","₹ 85 Lac
₹ 4,594/sq.ft.","1,850 sq.ft.
(172 sq.m.) Plot Area"
3 BHK Residential Apartment in Siddharthanagar,"3 BHK
3 Baths","₹ 1 Cr
₹ 5,263/sq.ft.","1,900 sq.ft.
(177 sq.m.) Super built-up Area"
3 Bedroom Independent House in Srirampura mysore,"3 BHK
2 Baths","₹ 62 Lac
₹ 1,186/sq.ft.","5,227 sq.ft.
(486 sq.m.) Plot Area"
3 BHK Residential Apartment in J.P Nagar,"3 BHK
3 Baths","₹ 68 Lac
₹ 5,271/sq.ft.","1,290 sq.ft.
(120 sq.m.) Super built-up Area"
4 Bedroom Independent House in Gangothri Layout,"4 BHK
5 Baths","₹ 4 Cr
₹ 5,828/sq.ft.","6,864 sq.ft.
(638 sq.m.) Plot Area"
2 Bedroom Independent House in Hebbal,"2 BHK
2 Baths","₹ 95 Lac
₹ 7,916/sq.ft.","1,200 sq.ft.
(111 sq.m.) Plot Area"
2 Bedroom Independent House in Manti Village,"2 BHK
2 Baths","₹ 45 Lac
₹ 1,648/sq.ft.","2,730 sq.ft.
(254 sq.m.) Plot Area"
4 BHK Independent Builder Floor in Rajiv Nagar,"4 BHK
3 Baths","₹ 52.09 Lac
₹ 8,681/sq.ft.","600 sq.ft.
(56 sq.m.) Super built-up Area"
4 Bedroom Independent House in Hebbal,"4 BHK
3 Baths","₹ 45 Lac
₹ 9,803/sq.ft.","459 sq.ft.
(43 sq.m.) Plot Area"
4 Bedroom Independent House in RT Nagar,"4 BHK
3 Baths","₹ 1.2 Cr
₹ 10,000/sq.ft.","1,200 sq.ft.
(111 sq.m.) Plot Area"
2 BHK Residential Apartment in Hinkal,"2 BHK
2 Baths","₹ 54 Lac
₹ 5,103/sq.ft.","1,058 sq.ft.
(98 sq.m.) Super built-up Area"
3 Bedroom Independent House in SBM Layout,"3 BHK
3 Baths","₹ 1.4 Cr
₹ 3,888/sq.ft.","3,600 sq.ft.
(334 sq.m.) Plot Area"
2 Bedroom Independent House in Metgahalli,"2 BHK
1 Bath","₹ 1.6 Cr
₹ 4,519/sq.ft.","3,540 sq.ft.
(329 sq.m.) Plot Area"
2 BHK Residential Apartment in Bannimantap,"2 BHK
2 Baths","₹ 40 Lac
₹ 4,210/sq.ft.","950 sq.ft.
(88 sq.m.) Carpet Area"
4 Bedroom Independent House in Bogadi,"4 BHK
4 Baths","₹ 2.25 Cr
₹ 7,291/sq.ft.","2,400 sq.ft.
(223 sq.m.) Plot Area"
4 BHK Residential Apartment in Saraswathipuram,"4 BHK
3 Baths","₹ 1.5 Cr
₹ 5,924/sq.ft.","2,532 sq.ft.
(235 sq.m.) Super built-up Area"
3 Bedroom Independent House in Srinagara Layout,"3 BHK
3 Baths","₹ 95 Lac
₹ 3,958/sq.ft.","1,350 sq.ft.
(125 sq.m.) Plot Area"
3 Bedroom Independent House in N R Mohalla,"3 BHK
2 Baths","₹ 2.2 Cr
₹ 6,518/sq.ft.","3,375 sq.ft.
(314 sq.m.) Plot Area"
3 BHK Residential Apartment in Bogadi,"3 BHK
3 Baths","₹ 65 Lac
₹ 3,802/sq.ft.","1,710 sq.ft.
(159 sq.m.) Super built-up Area"
,,,
3 Bedroom Independent House in Srirangapatna,"3 BHK
4 Baths","₹ 1.15 Cr
₹ 3,560/sq.ft.","2,400 sq.ft.
(223 sq.m.) Plot Area"
3 Bedroom Independent House in KRS Road,"3 BHK
3 Baths","₹ 75 Lac
₹ 4,054/sq.ft.","1,850 sq.ft.
(172 sq.m.) Built-up Area"
6 BHK Independent Builder Floor in Bannimantap,"6 BHK
8 Baths","₹ 2.5 Cr
₹ 11,363/sq.ft.","2,200 sq.ft.
(204 sq.m.) Carpet Area"
2 Bedroom Independent House in Rajiv Nagar,"2 BHK
2 Baths","₹ 27 Lac
₹ 3,698/sq.ft.","730 sq.ft.
(68 sq.m.) Plot Area"
2 Bedroom Independent House in Nanjangud,"2 BHK
1 Bath","₹ 50 Lac
₹ 3,704/sq.ft.","1,350 sq.ft.
(125 sq.m.) Plot Area"
8 BHK Independent Builder Floor in Bogadi,"8 BHK
8 Baths","₹ 2.5 Cr
₹ 4,716/sq.ft.","5,300 sq.ft.
(492 sq.m.) Super built-up Area"
2 BHK Residential Apartment in Chamarajapuram Mohalla,"2 BHK
3 Baths","₹ 60 Lac
₹ 5,826/sq.ft.","1,030 sq.ft.
(96 sq.m.) Super built-up Area"
5 Bedroom Independent House in 1st Stage Vijayanagar,"5 BHK
6 Baths","₹ 7 Cr
₹ 14,000/sq.ft.","5,000 sq.ft.
(465 sq.m.) Plot Area"
2 Bedroom Independent House in Hootagalli,"2 BHK
2 Baths","₹ 80 Lac
₹ 3,636/sq.ft.","2,200 sq.ft.
(204 sq.m.) Built-up Area"
5 Bedroom Independent House in 2nd Stage Vijaynagar,"5 BHK
5 Baths","₹ 4 Cr
₹ 16,666/sq.ft.","2,400 sq.ft.
(223 sq.m.) Plot Area"
2 Bedroom Independent House in Hootagalli,"2 BHK
2 Baths","₹ 75 Lac
₹ 3,125/sq.ft.","2,400 sq.ft.
(223 sq.m.) Plot Area"
5 Bedroom Independent House in Srirampura,"5 BHK
5 Baths","₹ 2.5 Cr
₹ 6,250/sq.ft.","4,000 sq.ft.
(372 sq.m.) Plot Area"
2 Bedroom Independent House in Kesare,"2 BHK
3 Baths","₹ 76 Lac
₹ 6,910/sq.ft.","1,100 sq.ft.
(102 sq.m.) Plot Area"
3 BHK Residential Apartment in Roopa Nagar,"3 BHK
3 Baths","₹ 75 Lac
₹ 4,561/sq.ft.","1,710 sq.ft.
(159 sq.m.) Super built-up Area"
2 Bedroom Independent House in Siddique Nagar,"2 BHK
2 Baths","₹ 65 Lac
₹ 7,222/sq.ft.","900 sq.ft.
(84 sq.m.) Built-up Area"
"3 Bedroom Independent House in Vasanth Nagar, Bannur road","3 BHK
3 Baths","₹ 80 Lac
₹ 6,667/sq.ft.","1,200 sq.ft.
(111 sq.m.) Plot Area"
5 Bedroom Independent House in Gokulam 3rd Stage,"5 BHK
6 Baths","₹ 2.5 Cr
₹ 9,469/sq.ft.","2,640 sq.ft.
(245 sq.m.) Plot Area"
3 BHK Residential Apartment in Bogadi,"3 BHK
3 Baths","₹ 65 Lac
₹ 4,642/sq.ft.","1,400 sq.ft.
(130 sq.m.) Super built-up Area"
3 BHK Residential Apartment in Jayalakshmipuram,"3 BHK
3 Baths","₹ 75 Lac
₹ 5,000/sq.ft.","1,500 sq.ft.
(139 sq.m.) Built-up Area"
2 BHK Residential Apartment in 3rd Stage Vijayanagar,"2 BHK
2 Baths","₹ 58 Lac
₹ 5,456/sq.ft.","1,063 sq.ft.
(99 sq.m.) Carpet Area"
2 BHK Residential Apartment in V V Mohalla,"2 BHK
2 Baths","₹ 72 Lac
₹ 6,000/sq.ft.","1,200 sq.ft.
(111 sq.m.) Super built-up Area"
3 BHK Residential Apartment in Vani Vilas Mohalla,"3 BHK
2 Baths","₹ 80 Lac
₹ 5,161/sq.ft.","1,550 sq.ft.
(144 sq.m.) Super built-up Area"
2 BHK Independent Builder Floor in 4th Stage Vijayanagar,"2 BHK
2 Baths","₹ 57 Lac
₹ 9,500/sq.ft.","600 sq.ft.
(56 sq.m.) Super built-up Area"
4 Bedroom Independent House in 3rd Stage Vijayanagar,"4 BHK
4 Baths","₹ 2 Cr
₹ 8,333/sq.ft.","2,400 sq.ft.
(223 sq.m.) Plot Area"
4 Bedroom Independent House in 2nd Stage Gokulam,"4 BHK
4 Baths","₹ 1.89 Cr
₹ 7,000/sq.ft.","2,700 sq.ft.
(251 sq.m.) Plot Area"
,,,
7 Bedroom Independent House in Kuvempunagar,"7 BHK
6 Baths","₹ 2 Cr
₹ 7,407/sq.ft.","2,700 sq.ft.
(251 sq.m.) Plot Area"
3 Bedroom Independent House in 2nd Stage Vijaynagar,"3 BHK
2 Baths","₹ 75 Lac
₹ 6,250/sq.ft.","1,200 sq.ft.
(111 sq.m.) Plot Area"
6 Bedroom Independent House in Hebbal,"6 BHK
6 Baths","₹ 1.28 Cr
₹ 10,666/sq.ft.","1,200 sq.ft.
(111 sq.m.) Plot Area"
4 Bedroom Independent House in 2nd Stage Vijaynagar,"4 BHK
4 Baths","₹ 92 Lac
₹ 12,266/sq.ft.","750 sq.ft.
(70 sq.m.) Plot Area"
4 BHK Residential Apartment in Dattagalli,"4 BHK
4 Baths","₹ 2.6 Cr
₹ 6,666/sq.ft.","3,900 sq.ft.
(362 sq.m.) Super built-up Area"
"3 Bedroom Independent House in 4th Stage Vijayanagar, 2nd Phase","3 BHK
3 Baths","₹ 72 Lac
₹ 12,000/sq.ft.","600 sq.ft.
(56 sq.m.) Plot Area"
"3 Bedroom Independent House in 4th Stage Vijayanagar, 2nd phase","3 BHK
3 Baths","₹ 1.5 Cr
₹ 12,500/sq.ft.","1,200 sq.ft.
(111 sq.m.) Plot Area"
3 Bedroom Independent House in 2nd Stage Vijayanagar,"3 BHK
3 Baths","₹ 1.62 Cr
₹ 13,500/sq.ft.","1,200 sq.ft.
(111 sq.m.) Plot Area"
2 Bedroom Independent House in Hebbal,"2 BHK
2 Baths","₹ 1.42 Cr
₹ 5,916/sq.ft.","2,400 sq.ft.
(223 sq.m.) Plot Area"
2 Bedroom Independent House in 2nd Stage Vijaynagar,"2 BHK
2 Baths","₹ 55 Lac
₹ 7,333/sq.ft.","750 sq.ft.
(70 sq.m.) Plot Area"
2 Bedroom Independent House in 2nd Stage Vijaynagar,"2 BHK
2 Baths","₹ 55 Lac
₹ 7,733/sq.ft.","750 sq.ft.
(70 sq.m.) Plot Area"
2 BHK Residential Apartment in V V Mohalla,"2 BHK
2 Baths","₹ 68 Lac
₹ 5,440/sq.ft.","1,250 sq.ft.
(116 sq.m.) Super built-up Area"
4 Bedroom Independent House in Hebbal,"4 BHK
4 Baths","₹ 1.25 Cr
₹ 10,416/sq.ft.","1,200 sq.ft.
(111 sq.m.) Plot Area"
4 Bedroom Independent House in Hebbal,"4 BHK
4 Baths","₹ 1.36 Cr
₹ 11,333/sq.ft.","1,200 sq.ft.
(111 sq.m.) Plot Area"
3 Bedroom Independent House in Hebbal,"3 BHK
3 Baths","₹ 46 Lac
₹ 7,666/sq.ft.","600 sq.ft.
(56 sq.m.) Plot Area"
2 Bedroom Independent House in Police layout,"2 BHK
2 Baths","₹ 88 Lac
₹ 7,333/sq.ft.","1,200 sq.ft.
(111 sq.m.) Plot Area"
2 BHK Residential Apartment in 4th Stage Vijayanagar,"2 BHK
2 Baths","₹ 68.5 Lac
₹ 6,036/sq.ft.","1,135 sq.ft.
(105 sq.m.) Super built-up Area"
2 BHK Residential Apartment in Srirampura,"2 BHK
2 Baths","₹ 54 Lac
₹ 5,555/sq.ft.","972 sq.ft.
(90 sq.m.) Built-up Area"
3 BHK Residential Apartment in 4th Stage Vijayanagar,"3 BHK
3 Baths","₹ 86.5 Lac
₹ 5,940/sq.ft.","1,456 sq.ft.
(135 sq.m.) Super built-up Area"
4 Bedroom Independent House in Vijayanagar,"4 BHK
4 Baths","₹ 2.7 Cr
₹ 11,250/sq.ft.","2,400 sq.ft.
(223 sq.m.) Plot Area"
2 BHK Residential Apartment in J P Nagar,"2 BHK
2 Baths","₹ 54 Lac
₹ 4,576/sq.ft.","1,180 sq.ft.
(110 sq.m.) Built-up Area"
4 Bedroom Independent House in 3rd Stage Vijayanagar,"4 BHK
4 Baths","₹ 2.25 Cr
₹ 9,375/sq.ft.","2,400 sq.ft.
(223 sq.m.) Plot Area"
3 Bedroom Independent House in Dattagalli 3rd Stage,"3 BHK
3 Baths","₹ 1.5 Cr
₹ 12,500/sq.ft.","1,200 sq.ft.
(111 sq.m.) Plot Area"
3 BHK Residential Apartment in Srirampura,"3 BHK
3 Baths","₹ 75 Lac
₹ 5,549/sq.ft.","1,355 sq.ft.
(126 sq.m.) Super built-up Area"
3 BHK Residential Apartment in 3rd Stage Vijayanagar,"3 BHK
3 Baths","₹ 2 Cr
₹ 7,142/sq.ft.","2,800 sq.ft.
(260 sq.m.) Carpet Area"
,,,
3 Bedroom Independent House in Police layout,"3 BHK
3 Baths","₹ 90 Lac
₹ 7,500/sq.ft.","1,200 sq.ft.
(111 sq.m.) Plot Area"
2 BHK Residential Apartment in Chamrajpuram,"2 BHK
2 Baths","₹ 60 Lac
₹ 5,454/sq.ft.","1,100 sq.ft.
(102 sq.m.) Carpet Area"
5 BHK Residential Apartment in KRS Road,"5 BHK
5 Baths","₹ 1.58 Cr
₹ 5,448/sq.ft.","2,900 sq.ft.
(269 sq.m.) Carpet Area"
3 Bedroom Independent House in T N Pura ring road,"3 BHK
4 Baths","₹ 1 Cr
₹ 8,333/sq.ft.","1,200 sq.ft.
(111 sq.m.) Plot Area"
4 Bedroom Independent House in 4th Stage Vijayanagar,"4 BHK
4 Baths","₹ 2.25 Cr
₹ 8,720/sq.ft.","2,580 sq.ft.
(240 sq.m.) Plot Area"
2 BHK Residential Apartment in Jayanagar,"2 BHK
2 Baths","₹ 64 Lac
₹ 6,336/sq.ft.","1,010 sq.ft.
(94 sq.m.) Built-up Area"
3 BHK Residential Apartment in Jayanagar,"3 BHK
3 Baths","₹ 92 Lac
₹ 6,112/sq.ft.","1,505 sq.ft.
(140 sq.m.) Built-up Area"
6 Bedroom Independent House in Kuvempunagara North,"6 BHK
6 Baths","₹ 8.5 Cr
₹ 9,444/sq.ft.","9,000 sq.ft.
(836 sq.m.) Plot Area"
2 Bedroom Independent House in 2nd Stage Vijaynagar,"2 BHK
2 Baths","₹ 55 Lac
₹ 7,333/sq.ft.","750 sq.ft.
(70 sq.m.) Plot Area"
3 Bedroom Independent House in J.P Nagar,"3 BHK
3 Baths","₹ 2.05 Cr
₹ 7,592/sq.ft.","2,700 sq.ft.
(251 sq.m.) Plot Area"
4 Bedroom Independent House in 1st Stage Vijayanagar,"4 BHK
4 Baths","₹ 3 Cr
₹ 13,786/sq.ft.","2,176 sq.ft.
(202 sq.m.) Plot Area"
"3 Bedroom Independent House in Manasa Tej Layout, Bogadi-Gaddige Road, Mysore","3 BHK
3 Baths","₹ 85 Lac
₹ 5,666/sq.ft.","1,500 sq.ft.
(139 sq.m.) Plot Area"
4 Bedroom Independent House in Dattagalli 3rd Stage,"4 BHK
2 Baths","₹ 1.5 Cr
₹ 12,500/sq.ft.","1,200 sq.ft.
(111 sq.m.) Plot Area"
2 Bedroom Independent House in Dattagalli,"2 BHK
2 Baths","₹ 75 Lac
₹ 6,250/sq.ft.","1,200 sq.ft.
(111 sq.m.) Plot Area"
5 Bedroom Independent House in Ittige Gudu,"5 BHK
4 Baths","₹ 45 Lac
₹ 10,000/sq.ft.","450 sq.ft.
(42 sq.m.) Plot Area"
4 Bedroom Independent House in Gokulam 3rd Stage,"4 BHK
3 Baths","₹ 2 Cr
₹ 6,250/sq.ft.","2,400 sq.ft.
(223 sq.m.) Plot Area"
4 Bedroom Independent House in Dattagalli 3rd Stage,"4 BHK
4 Baths","₹ 1.8 Cr
₹ 6,000/sq.ft.","3,000 sq.ft.
(279 sq.m.) Plot Area"
3 Bedroom Independent House in 2nd Stage Vijaynagar,"3 BHK
3 Baths","₹ 85 Lac
₹ 11,333/sq.ft.","750 sq.ft.
(70 sq.m.) Plot Area"
3 Bedroom Independent House in J.P Nagar,"3 BHK
3 Baths",Price on Request,"1,800 sq.ft.
(167 sq.m.) Built-up Area"
3 Bedroom Independent House in 4th Stage Vijayanagar,"3 BHK
3 Baths","₹ 95 Lac
₹ 4,750/sq.ft.","2,000 sq.ft.
(186 sq.m.) Plot Area"
3 Bedroom Independent House in somnathnagar,"3 BHK
2 Baths","₹ 95 Lac
₹ 7,916/sq.ft.","1,200 sq.ft.
(111 sq.m.) Plot Area"
3 Bedroom Independent House in Dattagalli,"3 BHK
4 Baths","₹ 1.15 Cr
₹ 9,126/sq.ft.","1,260 sq.ft.
(117 sq.m.) Plot Area"
3 Bedroom Independent House in Rotary school Road,"3 BHK
4 Baths","₹ 1.15 Cr
₹ 5,227/sq.ft.","1,260 sq.ft.
(117 sq.m.) Plot Area"
2 Bedroom Independent House in Udayagiri,"2 BHK
1 Bath","₹ 35 Lac
₹ 5,833/sq.ft.","600 sq.ft.
(56 sq.m.) Plot Area"
4 Bedroom Independent House in Ramkrishnanagar,"4 BHK
4 Baths","₹ 1.98 Cr
₹ 6,387/sq.ft.","3,100 sq.ft.
(288 sq.m.) Plot Area"
,,,
3 Bedroom Independent House in J.P Nagar,"3 BHK
3 Baths","₹ 70 Lac
₹ 4,375/sq.ft.","600 sq.ft.
(56 sq.m.) Plot Area"
1 Bedroom Independent House in Kuvempunagar,"1 BHK
1 Bath","₹ 30 Lac
₹ 7,575/sq.ft.","396 sq.ft.
(37 sq.m.) Built-up Area"
3 BHK Independent Builder Floor in Jayalakshmipuram,"3 BHK
3 Baths","₹ 75 Lac
₹ 5,555/sq.ft.","1,350 sq.ft.
(125 sq.m.) Built-up Area"
3 Bedroom Independent House in Bogadi,"3 BHK
3 Baths","₹ 95 Lac
₹ 7,916/sq.ft.","1,200 sq.ft.
(111 sq.m.) Plot Area"
3 Bedroom Independent House in Dadadahalli,"3 BHK
2 Baths","₹ 61 Lac
₹ 5,083/sq.ft.","1,200 sq.ft.
(111 sq.m.) Plot Area"
4 Bedroom Independent House in 3rd Stage Vijayanagar,"4 BHK
4 Baths","₹ 2.8 Cr
₹ 11,666/sq.ft.","2,400 sq.ft.
(223 sq.m.) Plot Area"
3 BHK Residential Apartment in Yadavagiri,"3 BHK
3 Baths","₹ 1.1 Cr
₹ 6,666/sq.ft.","1,650 sq.ft.
(153 sq.m.) Built-up Area"
3 Bedroom Independent House in Dattagalli,"3 BHK
3 Baths","₹ 1.05 Cr
₹ 8,750/sq.ft.","1,200 sq.ft.
(111 sq.m.) Plot Area"
4 Bedroom Independent House in 4th Stage Vijayanagar,"4 BHK
2 Baths","₹ 58 Lac
₹ 9,666/sq.ft.","600 sq.ft.
(56 sq.m.) Plot Area"
2 Bedroom Independent House in V V Mohalla,"2 BHK
2 Baths","₹ 1.25 Cr
₹ 5,208/sq.ft.","2,400 sq.ft.
(223 sq.m.) Plot Area"
3 Bedroom Independent House in Near Roopa nagar,"3 BHK
2 Baths","₹ 70 Lac
₹ 2,917/sq.ft.","2,400 sq.ft.
(223 sq.m.) Plot Area"
2 Bedroom Independent House in 4th Stage Vijayanagar,"2 BHK
2 Baths","₹ 72 Lac
₹ 6,000/sq.ft.","1,200 sq.ft.
(111 sq.m.) Built-up Area"
4 Bedroom Independent House in Vivekananda Nagar,"4 BHK
2 Baths","₹ 1 Lac
₹ 83/sq.ft.","1,200 sq.ft.
(111 sq.m.) Plot Area"
2 Bedroom Independent House in KRS Road,"2 BHK
2 Baths","₹ 34 Lac
₹ 4,171/sq.ft.","815 sq.ft.
(76 sq.m.) Plot Area"
2 Bedroom Independent House in Agrahara,"2 BHK
2 Baths","₹ 75 Lac
₹ 8,333/sq.ft.","900 sq.ft.
(84 sq.m.) Plot Area"
2 Bedroom Independent House in Yelwala,"2 BHK
1 Bath","₹ 35 Lac
₹ 1,607/sq.ft.","2,178 sq.ft.
(202 sq.m.) Plot Area"
4 Bedroom Independent House in Hebbal,"4 BHK
2 Baths","₹ 51 Lac
₹ 8,500/sq.ft.","600 sq.ft.
(56 sq.m.) Plot Area"
3 Bedroom Independent House in Raghavendra Nagar,"3 BHK
2 Baths","₹ 28 Lac
₹ 3,733/sq.ft.","750 sq.ft.
(70 sq.m.) Plot Area"
2 Bedroom Independent House in 4th Stage Vijayanagar,"2 BHK
3 Baths","₹ 63 Lac
₹ 10,500/sq.ft.","600 sq.ft.
(56 sq.m.) Plot Area"
3 Bedroom Independent House in Dattagalli,"3 BHK
3 Baths","₹ 1.3 Cr
₹ 10,834/sq.ft.","1,200 sq.ft.
(111 sq.m.) Plot Area"
5 Bedroom Farm house in Nanjangud,"5 BHK
6 Baths","₹ 1.25 Cr
₹ 72/sq.ft.","174,240 sq.ft.
(16187 sq.m.) Plot Area"
4 Bedroom Independent House in Gokulam 3rd Stage,"4 BHK
2 Baths","₹ 65 Lac
₹ 9,848/sq.ft.","660 sq.ft.
(61 sq.m.) Plot Area"
2 Bedroom Independent House in Kuvempunagar,"2 BHK
2 Baths","₹ 68 Lac
₹ 11,333/sq.ft.","600 sq.ft.
(56 sq.m.) Plot Area"
2 Bedroom Independent House in Gokulam 3rd Stage,"2 BHK
3 Baths","₹ 1.72 Cr
₹ 6,370/sq.ft.","2,700 sq.ft.
(251 sq.m.) Plot Area"
3 Bedroom Independent House in Bogadi,"3 BHK
3 Baths","₹ 1.1 Cr
₹ 9,166/sq.ft.","1,200 sq.ft.
(111 sq.m.) Plot Area"
,,,
2 Bedroom Independent House in 4th Stage Vijayanagar,"2 BHK
2 Baths","₹ 60 Lac
₹ 5,000/sq.ft.","1,200 sq.ft.
(111 sq.m.) Plot Area"
2 Bedroom Independent House in Police layout,"2 BHK
2 Baths","₹ 72 Lac
₹ 6,000/sq.ft.","1,200 sq.ft.
(111 sq.m.) Plot Area"
2 BHK Independent Builder Floor in Teachers Layout,"2 BHK
2 Baths","₹ 6.2 Lac
₹ 885/sq.ft.","700 sq.ft.
(65 sq.m.) Super built-up Area"
2 Bedroom Independent House in Vidyaranyapuram,"2 BHK
2 Baths","₹ 85 Lac
₹ 6,000/sq.ft.","1,450 sq.ft.
(135 sq.m.) Plot Area"
4 Bedroom Independent House in next to ring road and its reach to airport In10km,"4 BHK
4 Baths","₹ 3.6 Cr
₹ 9,000/sq.ft.","4,000 sq.ft.
(372 sq.m.) Plot Area"
3 Bedroom Independent House in J.P Nagar,"3 BHK
2 Baths","₹ 1 Cr
₹ 8,333/sq.ft.","1,200 sq.ft.
(111 sq.m.) Plot Area"
2 Bedroom Farm house in Bilikere,"2 BHK
1 Bath","₹ 3.15 Cr
₹ 80/sq.ft.","392,040 sq.ft.
(36422 sq.m.) Plot Area"
2 BHK Independent Builder Floor in Vani Vilas Mohalla,"2 BHK
1 Bath","₹ 1.32 Cr
₹ 5,500/sq.ft.","2,400 sq.ft.
(223 sq.m.) Carpet Area"
4 Bedroom Independent House in vidyaranyapuram mysore,"4 BHK
4 Baths","₹ 1.51 Cr
₹ 6,300/sq.ft.","2,400 sq.ft.
(223 sq.m.) Plot Area"
5 Bedroom Independent House in Yadavagiri,"5 BHK
5 Baths","₹ 4.5 Cr
₹ 4,500/sq.ft.","10,000 sq.ft.
(929 sq.m.) Plot Area"
3 Bedroom Independent House in Dattagalli 3rd Stage,"3 BHK
3 Baths","₹ 1.06 Cr
₹ 4,608/sq.ft.","2,300 sq.ft.
(214 sq.m.) Plot Area"
4 Bedroom Independent House in Saraswathipuram,"4 BHK
2 Baths","₹ 3.2 Cr
₹ 13,333/sq.ft.","2,400 sq.ft.
(223 sq.m.) Plot Area"
2 BHK Residential Apartment in Jayalakshmipuram,"2 BHK
2 Baths","₹ 45 Lac
₹ 4,864/sq.ft.","925 sq.ft.
(86 sq.m.) Built-up Area"
3 Bedroom Independent House in 4th Stage Vijayanagar,"3 BHK
4 Baths","₹ 62 Lac
₹ 10,333/sq.ft.","600 sq.ft.
(56 sq.m.) Plot Area"
3 BHK Residential Apartment in Jayalakshmipuram,"3 BHK
3 Baths","₹ 75 Lac
₹ 4,167/sq.ft.","1,800 sq.ft.
(167 sq.m.) Super built-up Area"
3 Bedroom Independent House in KRS Road,"3 BHK
3 Baths","₹ 1.25 Cr
₹ 10,416/sq.ft.","1,200 sq.ft.
(111 sq.m.) Plot Area"
2 Bedroom Independent House in Gokulam 3rd Stage,"2 BHK
2 Baths","₹ 1.9 Cr
₹ 7,916/sq.ft.","2,400 sq.ft.
(223 sq.m.) Plot Area"
4 Bedroom Independent House in Bannimantap,"4 BHK
4 Baths","₹ 59 Lac
₹ 7,866/sq.ft.","750 sq.ft.
(70 sq.m.) Plot Area"
2 BHK Residential Apartment in Bogadi,"2 BHK
1 Bath","₹ 35.5 Lac
₹ 4,277/sq.ft.","830 sq.ft.
(77 sq.m.) Super built-up Area"
2 Bedroom Independent House in Gayathripuram,"2 BHK
1 Bath","₹ 42 Lac
₹ 5,250/sq.ft.","800 sq.ft.
(74 sq.m.) Plot Area"
3 Bedroom Independent House in Triangle Fortune Layout,"3 BHK
3 Baths","₹ 55 Lac
₹ 6,111/sq.ft.","900 sq.ft.
(84 sq.m.) Plot Area"
2 Bedroom Independent House in J.P Nagar,"2 BHK
2 Baths","₹ 72 Lac
₹ 6,000/sq.ft.","1,200 sq.ft.
(111 sq.m.) Plot Area"
5 Bedroom Independent House in Srirampura,"5 BHK
3 Baths","₹ 1.3 Cr
₹ 8,333/sq.ft.","1,200 sq.ft.
(111 sq.m.) Plot Area"
3 Bedroom Independent House in Dattagalli,"3 BHK
3 Baths","₹ 1.2 Cr
₹ 10,000/sq.ft.","1,200 sq.ft.
(111 sq.m.) Plot Area"
3 Bedroom Independent House in Bogadi,"3 BHK
2 Baths","₹ 1.15 Cr
₹ 9,583/sq.ft.","1,200 sq.ft.
(111 sq.m.) Plot Area"
,,,
3 Bedroom Independent House in Sriramapura 2nd Stage,"3 BHK
2 Baths","₹ 52 Lac
₹ 8,666/sq.ft.","600 sq.ft.
(56 sq.m.) Plot Area"
4 Bedroom Independent House in Bogadi,"4 BHK
4 Baths","₹ 1.5 Cr
₹ 6,250/sq.ft.","2,400 sq.ft.
(223 sq.m.) Plot Area"
2 Bedroom Independent House in Tilak Nagar,"2 BHK
2 Baths","₹ 34 Lac
₹ 3,935/sq.ft.","864 sq.ft.
(80 sq.m.) Plot Area"
4 Bedroom Independent House in Nanjangud,"4 BHK
2 Baths","₹ 60.2 Lac
₹ 2,736/sq.ft.","2,200 sq.ft.
(204 sq.m.) Built-up Area"
2 Bedroom Independent House in 3rd Stage Vijayanagar,"2 BHK
3 Baths","₹ 92 Lac
₹ 6,478/sq.ft.","1,420 sq.ft.
(132 sq.m.) Plot Area"
2 Bedroom Independent House in Gejjagalli,"2 BHK
2 Baths","₹ 32 Lac
₹ 2,666/sq.ft.","1,200 sq.ft.
(111 sq.m.) Plot Area"
3 Bedroom Independent House in Treasury Layout,"3 BHK
3 Baths","₹ 95 Lac
₹ 7,421/sq.ft.","1,280 sq.ft.
(119 sq.m.) Plot Area"
3 Bedroom Independent House in Saraswathipuram,"3 BHK
2 Baths","₹ 1.85 Cr
₹ 7,500/sq.ft.","2,400 sq.ft.
(223 sq.m.) Built-up Area"
2 Bedroom Independent House in Preethi layout,"2 BHK
2 Baths","₹ 52 Lac
₹ 8,666/sq.ft.","600 sq.ft.
(56 sq.m.) Plot Area"
3 BHK Independent Builder Floor in RS Naidu Nagar,"3 BHK
2 Baths","₹ 25 Lac
₹ 123,152/sq.ft.","20 sq.ft.
(2 sq.m.) Built-up Area"
4 Bedroom Independent House in Subramanya Nagar,"4 BHK
4 Baths","₹ 55 Lac
₹ 4,209/sq.ft.","1,306 sq.ft.
(121 sq.m.) Plot Area"
2 Bedroom Independent House in Rajiv Nagar,"2 BHK
3 Baths","₹ 70 Lac
₹ 5,833/sq.ft.","1,200 sq.ft.
(111 sq.m.) Plot Area"
3 Bedroom Independent House in Srirampura,"3 BHK
2 Baths","₹ 52 Lac
₹ 8,666/sq.ft.","600 sq.ft.
(56 sq.m.) Plot Area"
2 Bedroom Independent House in JUDICIAL LAYOUT,"2 BHK
2 Baths","₹ 73 Lac
₹ 6,083/sq.ft.","1,200 sq.ft.
(111 sq.m.) Plot Area"
2 BHK Residential Apartment in Yadavagiri,"2 BHK
2 Baths","₹ 78 Lac
₹ 6,055/sq.ft.","1,288 sq.ft.
(120 sq.m.) Carpet Area"
3 Bedroom Independent House in Dattagalli,"3 BHK
2 Baths","₹ 60 Lac
₹ 10,000/sq.ft.","600 sq.ft.
(56 sq.m.) Plot Area"
2 Bedroom Independent House in 1st Stage Vijayanagar,"2 BHK
2 Baths","₹ 1.1 Cr
₹ 9,166/sq.ft.","1,200 sq.ft.
(111 sq.m.) Plot Area"
3 Bedroom Independent House in 4th Stage Vijayanagar,"3 BHK
3 Baths","₹ 59.5 Lac
₹ 33,056/sq.ft.","180 sq.ft.
(17 sq.m.) Plot Area"
2 Bedroom Independent House in Dattagalli,"2 BHK
1 Bath","₹ 45 Lac
₹ 6,333/sq.ft.","550 sq.ft.
(51 sq.m.) Plot Area"
2 BHK Residential Apartment in Yadavagiri,"2 BHK
2 Baths","₹ 50 Lac
₹ 4,347/sq.ft.","1,150 sq.ft.
(107 sq.m.) Carpet Area"
3 Bedroom Independent House in Vijaynagar,"3 BHK
4 Baths","₹ 1.3 Cr
₹ 3,914/sq.ft.","3,321 sq.ft.
(309 sq.m.) Plot Area"
2 Bedroom Independent House in Yelwala,"2 BHK
2 Baths","₹ 38 Lac
₹ 14,074/sq.ft.","270 sq.ft.
(25 sq.m.) Plot Area"
2 BHK Residential Apartment in Vontikoppal,"2 BHK
2 Baths","₹ 50 Lac
₹ 4,784/sq.ft.","1,045 sq.ft.
(97 sq.m.) Super built-up Area"
3 Bedroom Independent House in 4th Stage Vijayanagar,"3 BHK
3 Baths","₹ 78 Lac
₹ 7,800/sq.ft.","1,000 sq.ft.
(93 sq.m.) Plot Area"
4 Bedroom Independent House in Dattagalli,"4 BHK
3 Baths","₹ 2.65 Cr
₹ 11,041/sq.ft.","2,400 sq.ft.
(223 sq.m.) Plot Area"
,,,
3 BHK Residential Apartment in Jayalakshmipuram,"3 BHK
2 Baths","₹ 65 Lac
₹ 5,384/sq.ft.","1,200 sq.ft.
(111 sq.m.) Super built-up Area"
2 Bedroom Independent House in Kuvempunagar,"2 BHK
1 Bath","₹ 60 Lac
₹ 7,272/sq.ft.","825 sq.ft.
(77 sq.m.) Plot Area"
3 Bedroom Independent House in Dattagalli,"3 BHK
3 Baths","₹ 1.23 Cr
₹ 5,125/sq.ft.","2,400 sq.ft.
(223 sq.m.) Built-up Area"
2 Bedroom Independent House in Jayanagar,"2 BHK
1 Bath","₹ 65 Lac
₹ 6,842/sq.ft.","950 sq.ft.
(88 sq.m.) Plot Area"
3 Bedroom Independent House in Bogadi,"3 BHK
3 Baths","₹ 1.1 Cr
₹ 9,167/sq.ft.","1,200 sq.ft.
(111 sq.m.) Plot Area"
4 Bedroom Independent House in Kuvempunagar,"4 BHK
4 Baths","₹ 1.85 Cr
₹ 7,709/sq.ft.","2,400 sq.ft.
(223 sq.m.) Plot Area"
5 Bedroom Independent House in Kuvempunagar,"5 BHK
2 Baths","₹ 1.2 Cr
₹ 11,111/sq.ft.","1,080 sq.ft.
(100 sq.m.) Plot Area"
1 Bedroom Independent House in Metagalli,"1 BHK
2 Baths","₹ 70 Lac
₹ 2,708/sq.ft.","2,400 sq.ft.
(223 sq.m.) Plot Area"
3 Bedroom Independent House in Dattagalli,3 BHK,"₹ 81 - 91 Lac
₹ 4,525/sq.ft.","1,800-2,000 sq.ft.
(167-186 sq.m.) Built-up Area"
5 Bedroom Independent House in Arvind Nagar,"5 BHK
2 Baths","₹ 61 Lac
₹ 5,083/sq.ft.","1,200 sq.ft.
(111 sq.m.) Built-up Area"
2 Bedroom Independent House in Bogadi,"2 BHK
1 Bath","₹ 50 Lac
₹ 5,952/sq.ft.","840 sq.ft.
(78 sq.m.) Plot Area"
2 BHK Residential Apartment in J.P Nagar,"2 BHK
2 Baths","₹ 47.5 Lac
₹ 5,322/sq.ft.","930 sq.ft.
(86 sq.m.) Super built-up Area"
2 Bedroom Independent House in Jss Layout,"2 BHK
2 Baths","₹ 78 Lac
₹ 6,500/sq.ft.","1,200 sq.ft.
(111 sq.m.) Plot Area"
6 Bedroom Independent House in Saraswathipuram,"6 BHK
4 Baths","₹ 2.1 Cr
₹ 8,974/sq.ft.","2,340 sq.ft.
(217 sq.m.) Plot Area"
3 Bedroom Independent House in Srirampura,"3 BHK
3 Baths","₹ 1.25 Cr
₹ 6,250/sq.ft.","2,000 sq.ft.
(186 sq.m.) Plot Area"
2 Bedroom Independent House in 2nd Stage Vijaynagar,"2 BHK
1 Bath","₹ 1.05 Cr
₹ 8,750/sq.ft.","1,200 sq.ft.
(111 sq.m.) Plot Area"
3 Bedroom Independent House in 4th Stage Vijayanagar,"3 BHK
3 Baths","₹ 1.27 Cr
₹ 10,583/sq.ft.","1,200 sq.ft.
(111 sq.m.) Plot Area"
3 BHK Residential Apartment in Lakshmipuram,"3 BHK
3 Baths","₹ 1.5 Cr
₹ 7,043/sq.ft.","2,130 sq.ft.
(198 sq.m.) Super built-up Area"
6 Bedroom Farm house in Nandhinathapura,"6 BHK
5 Baths","₹ 1.5 Cr
₹ 86/sq.ft.","174,240 sq.ft.
(16187 sq.m.) Plot Area"
2 BHK Residential Apartment in J.P Nagar,"2 BHK
2 Baths","₹ 45 Lac
₹ 4,891/sq.ft.","920 sq.ft.
(85 sq.m.) Super built-up Area"
2 BHK Independent Builder Floor in Jantagalli,"2 BHK
1 Bath","₹ 26 Lac
₹ 4,333/sq.ft.","600 sq.ft.
(56 sq.m.) Super built-up Area"
3 Bedroom Independent House in Raghavendra Nagar,"3 BHK
2 Baths","₹ 68 Lac
₹ 2,833/sq.ft.","2,400 sq.ft.
(223 sq.m.) Plot Area"
2 Bedroom Independent House in Dattagalli,"2 BHK
2 Baths","₹ 65 Lac
₹ 5,666/sq.ft.","900 sq.ft.
(84 sq.m.) Plot Area"
4 Bedroom Independent House in 4th Stage Vijayanagar,"4 BHK
4 Baths","₹ 1.2 Cr
₹ 7,500/sq.ft.","1,600 sq.ft.
(149 sq.m.) Plot Area"
3 BHK Independent Builder Floor in 4th Stage Vijayanagar,"3 BHK
3 Baths","₹ 69 Lac
₹ 5,750/sq.ft.","1,200 sq.ft.
(111 sq.m.) Carpet Area"
,,,
2 BHK Residential Apartment in J.P Nagar,"2 BHK
2 Baths","₹ 39.5 Lac
₹ 4,702/sq.ft.","840 sq.ft.
(78 sq.m.) Super built-up Area"
2 Bedroom Independent House in Chamarajapuram Mohalla,"2 BHK
1 Bath","₹ 25 Lac
₹ 6,944/sq.ft.","360 sq.ft.
(33 sq.m.) Plot Area"
4 Bedroom Independent House in Dattagalli,"4 BHK
4 Baths","₹ 65 Lac
₹ 10,833/sq.ft.","600 sq.ft.
(56 sq.m.) Plot Area"
3 BHK Residential Apartment in Yadavagiri,"3 BHK
3 Baths","₹ 1.25 Cr
₹ 7,212/sq.ft.","1,733 sq.ft.
(161 sq.m.) Carpet Area"
3 Bedroom Independent House in Dattagalli,"3 BHK
3 Baths","₹ 90 Lac
₹ 3,913/sq.ft.","2,300 sq.ft.
(214 sq.m.) Plot Area"
3 Bedroom Independent House in 4th Stage Vijayanagar,"3 BHK
3 Baths","₹ 61 Lac
₹ 5,083/sq.ft.","1,200 sq.ft.
(111 sq.m.) Plot Area"
2 Bedroom Independent House in Hebbal,"2 BHK
1 Bath","₹ 44.99 Lac
₹ 7,498/sq.ft.","600 sq.ft.
(56 sq.m.) Plot Area"
2 Bedroom Independent House in Srirampura,"2 BHK
1 Bath","₹ 70 Lac
₹ 6,000,000/sq.ft.","1 sq.ft.
(0 sq.m.) Built-up Area"
1 BHK Independent Builder Floor in Bogadi,"1 BHK
1 Bath","₹ 4.5 Lac
₹ 375/sq.ft.","1,200 sq.ft.
(111 sq.m.) Super built-up Area"
3 Bedroom Independent House in Dattagalli,"3 BHK
3 Baths","₹ 90 Lac
₹ 3,750/sq.ft.","2,400 sq.ft.
(223 sq.m.) Plot Area"
3 Bedroom Independent House in Kuvempunagar,"3 BHK
4 Baths","₹ 2.5 Cr
₹ 10,416/sq.ft.","2,400 sq.ft.
(223 sq.m.) Plot Area"
3 Bedroom Independent House in srinagara next jp nagara,"3 BHK
3 Baths","₹ 82 Lac
₹ 6,074/sq.ft.","1,350 sq.ft.
(125 sq.m.) Plot Area"
3 Bedroom Independent House in Sharadadevi Nagar,"3 BHK
2 Baths","₹ 44 Lac
₹ 6,984/sq.ft.","630 sq.ft.
(59 sq.m.) Plot Area"
2 Bedroom Farm house in Maratikyatana Halli,"2 BHK
2 Baths","₹ 1.2 Cr
₹ 100/sq.ft.","120,000 sq.ft.
(11148 sq.m.) Plot Area"
2 Bedroom Farm house in Bogadi,"2 BHK
1 Bath","₹ 90 Lac
₹ 750/sq.ft.","12,000 sq.ft.
(1115 sq.m.) Plot Area"
1 Bedroom Independent House in JC Nagar,"1 BHK
1 Bath","₹ 27 Lac
₹ 6,000/sq.ft.","450 sq.ft.
(42 sq.m.) Plot Area"
9 Bedroom Independent House in Vidyaranyapuram,"9 BHK
6 Baths","₹ 98 Lac
₹ 7,259/sq.ft.","1,350 sq.ft.
(125 sq.m.) Plot Area"
3 Bedroom Independent House in 2nd Stage Vijaynagar,"3 BHK
4 Baths","₹ 3.8 Cr
₹ 14,179/sq.ft.","2,680 sq.ft.
(249 sq.m.) Plot Area"
4 Bedroom Independent House in Hebbal,"4 BHK
4 Baths","₹ 55 Lac
₹ 4,583/sq.ft.","1,200 sq.ft.
(111 sq.m.) Plot Area"
3 Bedroom Independent House in 4th Stage Vijayanagar,"3 BHK
3 Baths","₹ 55 Lac
₹ 9,167/sq.ft.","600 sq.ft.
(56 sq.m.) Plot Area"
2 BHK Residential Apartment in Vontikoppal,"2 BHK
2 Baths","₹ 40 Lac
₹ 4,597/sq.ft.","870 sq.ft.
(81 sq.m.) Built-up Area"
2 Bedroom Independent House in Vivekananda Nagar,"2 BHK
1 Bath","₹ 95 Lac
₹ 791,666/sq.ft.","12 sq.ft.
(1 sq.m.) Built-up Area"
4 Bedroom Independent House in 3rd Stage Vijayanagar,"4 BHK
4 Baths","₹ 1.3 Cr
₹ 4,666/sq.ft.","3,000 sq.ft.
(279 sq.m.) Built-up Area"
4 Bedroom Independent House in 4th Stage Vijayanagar,"4 BHK
4 Baths","₹ 1.48 Cr
₹ 12,333/sq.ft.","1,200 sq.ft.
(111 sq.m.) Plot Area"
"2 Bedroom Independent House in N Block, 2nd main","2 BHK
1 Bath","₹ 1.3 Cr
₹ 10,833/sq.ft.","1,200 sq.ft.
(111 sq.m.) Plot Area"
,,,
2 Bedroom Independent House in 2nd Stage BEML Layout,"2 BHK
2 Baths","₹ 80 Lac
₹ 7,916/sq.ft.","1,200 sq.ft.
(111 sq.m.) Plot Area"
2 BHK Residential Apartment in Vijayanagar,"2 BHK
2 Baths","₹ 40 Lac
₹ 3,810/sq.ft.","1,050 sq.ft.
(98 sq.m.) Built-up Area"
1 Bedroom Independent House in 2nd Stage Vijaynagar,"1 BHK
1 Bath","₹ 22.5 Lac
₹ 5,806/sq.ft.","387 sq.ft.
(36 sq.m.) Plot Area"
5 Bedroom Independent House in Vijaya nagar,"5 BHK
3 Baths","₹ 90 Lac
₹ 3,750/sq.ft.","2,400 sq.ft.
(223 sq.m.) Plot Area"
3 Bedroom Independent House in Vijaynagar,"3 BHK
4 Baths","₹ 1.2 Cr
₹ 3,716/sq.ft.","3,229 sq.ft.
(300 sq.m.) Built-up Area"
2 Bedroom Independent House in J.P Nagar,"2 BHK
2 Baths","₹ 95 Lac
₹ 5,429/sq.ft.","1,750 sq.ft.
(163 sq.m.) Plot Area"
7 Bedroom Independent House in Yadavagiri,"7 BHK
7 Baths","₹ 1.65 Cr
₹ 11,111/sq.ft.","1,485 sq.ft.
(138 sq.m.) Plot Area"
3 BHK Residential Apartment in J.P Nagar,"3 BHK
3 Baths","₹ 59 Lac
₹ 4,750/sq.ft.","1,200 sq.ft.
(111 sq.m.) Super built-up Area"
3 Bedroom Independent House in Vijaynagar,"3 BHK
3 Baths","₹ 80 Lac
₹ 4,324/sq.ft.","1,850 sq.ft.
(172 sq.m.) Plot Area"
3 Bedroom Independent House in 4th Stage Vijayanagar,"3 BHK
3 Baths","₹ 58 Lac
₹ 10,000/sq.ft.","600 sq.ft.
(56 sq.m.) Plot Area"
4 Bedroom Independent House in 1st Stage Vijayanagar,"4 BHK
5 Baths","₹ 3.25 Cr
₹ 8,552/sq.ft.","3,800 sq.ft.
(353 sq.m.) Built-up Area"
4 Bedroom Independent House in Vijaynagar,"4 BHK
4 Baths","₹ 1.1 Cr
₹ 3,405/sq.ft.","3,230 sq.ft.
(300 sq.m.) Built-up Area"
1 BHK Residential Apartment in Sharadadevi Nagar,"1 BHK
1 Bath","₹ 25 Lac
₹ 4,166/sq.ft.","600 sq.ft.
(56 sq.m.) Super built-up Area"
,,,
